Workbook
Name annex1: #N/A
Name annex2: #N/A
Name Macrobond_Object1: '1 000'!$A$3:$B$264
Name Macrobond_Object1: '10 000'!$A$3:$B$264
Name Macrobond_Object1: '100 000'!$A$3:$B$264
Name Macrobond_Object1: '150 000'!$A$3:$B$264
Name Macrobond_Object1: '200 000'!$A$3:$B$264
Name Macrobond_Object1: '5 000'!$A$3:$B$264

Sheet Arkusz1
A1: System Podatkowy | B1: Wartość wstępna | C1: Zysk brutto | D1: Podatek | E1: Zysk netto | G1: portfel inwestycyjny | H1: 100000
A2: OKI | B2: =H2+H3 -> 100000 | C2: =H2*B11+H3*B12 -> 21224 | D2: =MAX(0, (B2+C2)-100000)*$B$7 + MAX(0, H3-25000)*$B$7 -> 614.2472 | E2: =C2-D2 -> 20609.753 | G2: akcje | H2: =H1*0.4 -> 40000
A3: Belka | B3: =H2+H3 -> 100000 | C3: =H2*B11+H3*B12 -> 21224 | D3: =C3*B6 -> 4032.56 | E3: =C3-D3 -> 17191.44 | G3: depozyty | H3: =0.6*H1 -> 60000
A6: Podatek Belka | B6: 0.19
A7: Podatek OKI | B7: =B6*B8 -> 0.010925
A8: Stopa ref. NBP 2025 | B8: 0.0575
A10: Stopy zwrotu
A11: WIG | B11: 0.4733 | C11: Tabela stóp zwrotu indeksów - Notowania - Puls Biznesu
A12: Średnie oprocentowanie nowo zakladanych depozytów za 2025 r. (NBP) | B12: 0.0382 | C12: Arkusz 2 OPN_PLN

Sheet 2 OPN_PLN
A1: Tabela 2. Średnie oprocentowanie nowych i renegocjowanych umów złotowych
B2: Sektor | C2: Kategoria | D2: Termin * | E2: nr | F2: fakt | G2: 38353 | H2: 38384 | I2: 38412 | J2: 38443 | K2: 38473 | L2: 38504 | M2: 38534 | N2: 38565 | O2: 38596 | P2: 38626 | Q2: 38657 | R2: 38687 | S2: 38718 | T2: 38749 | U2: 38777 | V2: 38808 | W2: 38838 | X2: 38869 | Y2: 38899 | Z2: 38930 | AA2: 38961 | AB2: 38991 | AC2: 39022 | AD2: 39052 | AE2: 39083 | AF2: 39114 | AG2: 39142 | AH2: 39173 | AI2: 39203 | AJ2: 39234 | AK2: 39264 | AL2: 39295 | AM2: 39326 | AN2: 39356 | AO2: 39387 | AP2: 39417 | AQ2: 39448 | AR2: 39479 | AS2: 39508 | AT2: 39539 | AU2: 39569 | AV2: 39600 | AW2: 39630 | AX2: 39661 | AY2: 39692 | AZ2: 39722 | BA2: 39753 | BB2: 39783 | BC2: 39814 | BD2: 39845 | BE2: 39873 | BF2: 39904 | BG2: 39934 | BH2: 39965 | BI2: 39995 | BJ2: 40026 | BK2: 40057 | BL2: 40087 | BM2: 40118 | BN2: 40148 | BO2: 40179 | BP2: 40210 | BQ2: 40238 | BR2: 40269 | BS2: 40299 | BT2: 40330 | BU2: 40360 | BV2: 40391 | BW2: 40422 | BX2: 40452 | BY2: 40483 | BZ2: 40513 | CA2: 40544 | CB2: 40575 | CC2: 40603 | CD2: 40634 | CE2: 40664 | CF2: 40695 | CG2: 40725 | CH2: 40756 | CI2: 40787 | CJ2: 40817 | CK2: 40848 | CL2: 40878 | CM2: 40909 | CN2: 40940 | CO2: 40969 | CP2: 41000 | CQ2: 41030 | CR2: 41061 | CS2: 41091 | CT2: 41122 | CU2: 41153 | CV2: 41183 | CW2: 41214 | CX2: 41244 | CY2: 41275 | CZ2: 41306 | DA2: 41334 | DB2: 41365 | DC2: 41395 | DD2: 41426 | DE2: 41456 | DF2: 41487 | DG2: 41518 | DH2: 41548 | DI2: 41579 | DJ2: 41609 | DK2: 41640 | DL2: 41671 | DM2: 41699 | DN2: 41730 | DO2: 41760 | DP2: 41791 | DQ2: 41821 | DR2: 41852 | DS2: 41883 | DT2: 41913 | DU2: 41944 | DV2: 41974 | DW2: 42005 | DX2: 42036 | DY2: 42064 | DZ2: 42095 | EA2: 42125 | EB2: 42156 | EC2: 42186 | ED2: 42217 | EE2: 42248 | EF2: 42278 | EG2: 42309 | EH2: 42339 | EI2: 42370 | EJ2: 42401 | EK2: 42430 | EL2: 42461 | EM2: 42491 | EN2: 42522 | EO2: 42552 | EP2: 42583 | EQ2: 42614 | ER2: 42644 | ES2: 42675 | ET2: 42705 | EU2: 42736 | EV2: 42767 | EW2: 42795 | EX2: 42826 | EY2: 42856 | EZ2: 42887 | FA2: 42917 | FB2: 42948 | FC2: 42979 | FD2: 43009 | FE2: 43040 | FF2: 43070 | FG2: 43101 | FH2: 43132 | FI2: 43160 | FJ2: 43191 | FK2: 43221 | FL2: 43252 | FM2: 43282 | FN2: 43313 | FO2: 43344 | FP2: 43374 | FQ2: 43405 | FR2: 43435 | FS2: 43466 | FT2: 43497 | FU2: 43525 | FV2: 43556 | FW2: 43586 | FX2: 43617 | FY2: 43647 | FZ2: 43678 | GA2: 43709 | GB2: 43739 | GC2: 43770 | GD2: 43800 | GE2: 43831 | GF2: 43862 | GG2: 43891 | GH2: 43922 | GI2: 43952 | GJ2: 43983 | GK2: 44013 | GL2: 44044 | GM2: 44075 | GN2: 44105 | GO2: 44136 | GP2: 44166 | GQ2: 44197 | GR2: 44228 | GS2: 44256 | GT2: 44287 | GU2: 44317 | GV2: 44348 | GW2: 44378 | GX2: 44409 | GY2: 44440 | GZ2: 44470 | HA2: 44501 | HB2: 44531 | HC2: 44562 | HD2: 44593 | HE2: 44621 | HF2: 44652 | HG2: 44682 | HH2: 44713 | HI2: 44743 | HJ2: 44774 | HK2: 44805 | HL2: 44835 | HM2: 44866 | HN2: 44896 | HO2: 44927 | HP2: 44958 | HQ2: 44986 | HR2: 45017 | HS2: 45047 | HT2: 45078 | HU2: 45108 | HV2: 45139 | HW2: 45170 | HX2: 45200 | HY2: 45231 | HZ2: 45261 | IA2: 45292 | IB2: 45323 | IC2: 45352 | ID2: 45383 | IE2: 45413 | IF2: 45444 | IG2: 45474 | IH2: 45505 | II2: 45536 | IJ2: 45566 | IK2: 45597 | IL2: 45627 | IM2: 45658 | IN2: 45689 | IO2: 45717 | IP2: 45748 | IQ2: 45778 | IR2: 45809 | IS2: 45839 | IT2: 45870 | IU2: 45901 | IV2: 45931 | IW2: 45962 | IX2: 45992 | IY2: 46023 | IZ2: 46054 | JA2: 46082 | JB2: 46113 | JC2: 46143 | JD2: 46174 | JE2: 46204
A3: Depozyty i inne zobowiązania w PLN | B3: Gospodarstwa domowe i instytucje niekomercyjne działające na rzecz gospodarstw domowych | C3: Depozyty z terminem pierwotnym | D3: do 1 miesiąca włącznie | E3: 1 | F3: M_7;AC:A,BCS:2250,BI:L22,BRS:S1,CT:PLN,DTM:R,F:M,IBC:N,MO:T06,RA:PL | G3: 0.0528 | H3: 0.0518 | I3: 0.0516 | J3: 0.0494 | K3: 0.0459 | L3: 0.0443 | M3: 0.0414 | N3: 0.0399 | O3: 0.0383 | P3: 0.0372 | Q3: 0.0374 | R3: 0.0362 | S3: 0.0371 | T3: 0.0361 | U3: 0.0334 | V3: 0.0339 | W3: 0.0332 | X3: 0.0335 | Y3: 0.0335 | Z3: 0.0336 | AA3: 0.0333 | AB3: 0.0339 | AC3: 0.0335 | AD3: 0.0333 | AE3: 0.0336 | AF3: 0.0341 | AG3: 0.034 | AH3: 0.0339 | AI3: 0.0354 | AJ3: 0.036 | AK3: 0.0375 | AL3: 0.0382 | AM3: 0.0395 | AN3: 0.0406 | AO3: 0.0409 | AP3: 0.041 | AQ3: 0.0432 | AR3: 0.046 | AS3: 0.0491 | AT3: 0.0514 | AU3: 0.0506 | AV3: 0.0519 | AW3: 0.0516 | AX3: 0.0526 | AY3: 0.0531 | AZ3: 0.0541 | BA3: 0.0539 | BB3: 0.0538 | BC3: 0.0524 | BD3: 0.0453 | BE3: 0.0411 | BF3: 0.0375 | BG3: 0.0353 | BH3: 0.035 | BI3: 0.0324 | BJ3: 0.0315 | BK3: 0.0312 | BL3: 0.0304 | BM3: 0.0303 | BN3: 0.0288 | BO3: 0.027 | BP3: 0.0273 | BQ3: 0.028 | BR3: 0.0275 | BS3: 0.0287 | BT3: 0.0288 | BU3: 0.0275 | BV3: 0.027 | BW3: 0.0276 | BX3: 0.0272 | BY3: 0.0273 | BZ3: 0.0265 | CA3: 0.0273 | CB3: 0.0288 | CC3: 0.0296 | CD3: 0.0306 | CE3: 0.0321 | CF3: 0.036 | CG3: 0.0369 | CH3: 0.0379 | CI3: 0.0379 | CJ3: 0.0383 | CK3: 0.0386 | CL3: 0.0392 | CM3: 0.0396 | CN3: 0.0388 | CO3: 0.0395 | CP3: 0.0364 | CQ3: 0.0372 | CR3: 0.0372 | CS3: 0.0357 | CT3: 0.0342 | CU3: 0.0354 | CV3: 0.0344 | CW3: 0.034 | CX3: 0.0321 | CY3: 0.0291 | CZ3: 0.0276 | DA3: 0.0249 | DB3: 0.023 | DC3: 0.0215 | DD3: 0.0206 | DE3: 0.0203 | DF3: 0.02 | DG3: 0.0215 | DH3: 0.0212 | DI3: 0.0212 | DJ3: 0.0216 | DK3: 0.022 | DL3: 0.0219 | DM3: 0.0222 | DN3: 0.0225 | DO3: 0.0226 | DP3: 0.0223 | DQ3: 0.0222 | DR3: 0.0224 | DS3: 0.0227 | DT3: 0.0199 | DU3: 0.0177 | DV3: 0.0217 | DW3: 0.0213 | DX3: 0.0211 | DY3: 0.0183 | DZ3: 0.0166 | EA3: 0.0146 | EB3: 0.0149 | EC3: 0.015 | ED3: 0.0153 | EE3: 0.0154 | EF3: 0.0151 | EG3: 0.0155 | EH3: 0.0154 | EI3: 0.0145 | EJ3: 0.0139 | EK3: 0.0139 | EL3: 0.0136 | EM3: 0.0131 | EN3: 0.0126 | EO3: 0.0129 | EP3: 0.0136 | EQ3: 0.0132 | ER3: 0.0127 | ES3: 0.0122 | ET3: 0.0112 | EU3: 0.012 | EV3: 0.0115 | EW3: 0.0115 | EX3: 0.0106 | EY3: 0.0102 | EZ3: 0.0101 | FA3: 0.0106 | FB3: 0.0104 | FC3: 0.0102 | FD3: 0.0109 | FE3: 0.0114 | FF3: 0.0119 | FG3: 0.0116 | FH3: 0.0108 | FI3: 0.0108 | FJ3: 0.0108 | FK3: 0.0107 | FL3: 0.0119 | FM3: 0.0121 | FN3: 0.0119 | FO3: 0.0164 | FP3: 0.0126 | FQ3: 0.011 | FR3: 0.0098 | FS3: 0.0102 | FT3: 0.0106 | FU3: 0.0085 | FV3: 0.0085 | FW3: 0.0087 | FX3: 0.0091 | FY3: 0.0088 | FZ3: 0.0085 | GA3: 0.0084 | GB3: 0.0084 | GC3: 0.0085 | GD3: 0.008 | GE3: 0.0082 | GF3: 0.008 | GG3: 0.007 | GH3: 0.0043 | GI3: 0.0036 | GJ3: 0.0022 | GK3: 0.0016 | GL3: 0.0018 | GM3: 0.0024 | GN3: 0.0023 | GO3: 0.0017 | GP3: 0.0013 | GQ3: 0.0013 | GR3: 0.0013 | GS3: 0.001 | GT3: 0.0013 | GU3: 0.0011 | GV3: 0.0012 | GW3: 0.0015 | GX3: 0.0014 | GY3: 0.0017 | GZ3: 0.002 | HA3: 0.0023 | HB3: 0.0029 | HC3: 0.0044 | HD3: 0.0063 | HE3: 0.009 | HF3: 0.0158 | HG3: 0.0308 | HH3: 0.0394 | HI3: 0.0406 | HJ3: 0.0414 | HK3: 0.045 | HL3: 0.0462 | HM3: 0.0577 | HN3: 0.062 | HO3: 0.0504 | HP3: 0.0482 | HQ3: 0.0493 | HR3: 0.05 | HS3: 0.0496 | HT3: 0.0508 | HU3: 0.0487 | HV3: 0.0493 | HW3: 0.0466 | HX3: 0.0435 | HY3: 0.0421 | HZ3: 0.0425 | IA3: 0.0433 | IB3: 0.0444 | IC3: 0.0437 | ID3: 0.0404 | IE3: 0.0405 | IF3: 0.0403 | IG3: 0.0401 | IH3: 0.0403 | II3: 0.0401 | IJ3: 0.0375 | IK3: 0.037 | IL3: 0.0363 | IM3: 0.0385 | IN3: 0.0375 | IO3: 0.038 | IP3: 0.0373 | IQ3: 0.0366 | IR3: 0.0355 | IS3: 0.0343 | IT3: 0.0337 | IU3: 0.0327 | IV3: 0.0323 | IW3: 0.0287 | IX3: 0.0271 | IY3: 0.0284 | IZ3: 0.0282 | JA3: 0.0277 | JB3: 0.0259 | JC3: 0.0262 | JD3: 0.0247 | JE3: 0.0263
D4: powyżej 1 miesiąca do 3 miesięcy włącznie | E4: 2 | F4: M_7;AC:A,BCS:2250,BI:L22,BRS:S1,CT:PLN,DTM:R,F:M,IBC:N,MO:T07,RA:PL | G4: 0.053 | H4: 0.0518 | I4: 0.0505 | J4: 0.047 | K4: 0.0429 | L4: 0.0412 | M4: 0.0375 | N4: 0.036 | O4: 0.0346 | P4: 0.0339 | Q4: 0.0342 | R4: 0.0343 | S4: 0.0344 | T4: 0.0319 | U4: 0.0313 | V4: 0.0315 | W4: 0.0314 | X4: 0.0343 | Y4: 0.034 | Z4: 0.0329 | AA4: 0.0329 | AB4: 0.0334 | AC4: 0.0342 | AD4: 0.0333 | AE4: 0.034 | AF4: 0.0327 | AG4: 0.0339 | AH4: 0.0341 | AI4: 0.0349 | AJ4: 0.0359 | AK4: 0.0394 | AL4: 0.0391 | AM4: 0.0403 | AN4: 0.0409 | AO4: 0.0417 | AP4: 0.0449 | AQ4: 0.0445 | AR4: 0.0464 | AS4: 0.0497 | AT4: 0.052 | AU4: 0.0543 | AV4: 0.0546 | AW4: 0.056 | AX4: 0.0593 | AY4: 0.0676 | AZ4: 0.0671 | BA4: 0.0691 | BB4: 0.0734 | BC4: 0.0695 | BD4: 0.0621 | BE4: 0.0566 | BF4: 0.0521 | BG4: 0.0525 | BH4: 0.0516 | BI4: 0.0505 | BJ4: 0.049 | BK4: 0.0487 | BL4: 0.0485 | BM4: 0.049 | BN4: 0.0485 | BO4: 0.0464 | BP4: 0.0459 | BQ4: 0.0466 | BR4: 0.0435 | BS4: 0.0442 | BT4: 0.0431 | BU4: 0.0422 | BV4: 0.0412 | BW4: 0.041 | BX4: 0.0402 | BY4: 0.0413 | BZ4: 0.042 | CA4: 0.0407 | CB4: 0.04 | CC4: 0.0422 | CD4: 0.0417 | CE4: 0.0426 | CF4: 0.046 | CG4: 0.0468 | CH4: 0.046 | CI4: 0.0457 | CJ4: 0.0474 | CK4: 0.0517 | CL4: 0.0535 | CM4: 0.0545 | CN4: 0.0539 | CO4: 0.0537 | CP4: 0.0539 | CQ4: 0.0556 | CR4: 0.0574 | CS4: 0.0558 | CT4: 0.0551 | CU4: 0.0541 | CV4: 0.054 | CW4: 0.0514 | CX4: 0.0485 | CY4: 0.0456 | CZ4: 0.0438 | DA4: 0.0398 | DB4: 0.0366 | DC4: 0.0343 | DD4: 0.0308 | DE4: 0.0287 | DF4: 0.0284 | DG4: 0.0277 | DH4: 0.0285 | DI4: 0.0283 | DJ4: 0.0276 | DK4: 0.0274 | DL4: 0.0276 | DM4: 0.0278 | DN4: 0.0281 | DO4: 0.028 | DP4: 0.0283 | DQ4: 0.0279 | DR4: 0.0278 | DS4: 0.0277 | DT4: 0.0272 | DU4: 0.0263 | DV4: 0.0252 | DW4: 0.0242 | DX4: 0.0248 | DY4: 0.0234 | DZ4: 0.0225 | EA4: 0.0208 | EB4: 0.0203 | EC4: 0.0202 | ED4: 0.0199 | EE4: 0.0193 | EF4: 0.0197 | EG4: 0.0195 | EH4: 0.0189 | EI4: 0.0189 | EJ4: 0.0185 | EK4: 0.018 | EL4: 0.0179 | EM4: 0.0177 | EN4: 0.0182 | EO4: 0.0195 | EP4: 0.0183 | EQ4: 0.0184 | ER4: 0.0188 | ES4: 0.0179 | ET4: 0.0168 | EU4: 0.0168 | EV4: 0.0165 | EW4: 0.0162 | EX4: 0.0162 | EY4: 0.0158 | EZ4: 0.0153 | FA4: 0.016 | FB4: 0.0162 | FC4: 0.0161 | FD4: 0.0173 | FE4: 0.0177 | FF4: 0.0172 | FG4: 0.0168 | FH4: 0.0167 | FI4: 0.0169 | FJ4: 0.0172 | FK4: 0.0185 | FL4: 0.0182 | FM4: 0.0175 | FN4: 0.0178 | FO4: 0.017 | FP4: 0.018 | FQ4: 0.0229 | FR4: 0.0222 | FS4: 0.0205 | FT4: 0.0199 | FU4: 0.0196 | FV4: 0.0195 | FW4: 0.0191 | FX4: 0.0167 | FY4: 0.0165 | FZ4: 0.016 | GA4: 0.0153 | GB4: 0.0156 | GC4: 0.0155 | GD4: 0.0137 | GE4: 0.0146 | GF4: 0.0141 | GG4: 0.0155 | GH4: 0.0129 | GI4: 0.0088 | GJ4: 0.0063 | GK4: 0.005 | GL4: 0.0046 | GM4: 0.0068 | GN4: 0.0055 | GO4: 0.0067 | GP4: 0.0074 | GQ4: 0.0044 | GR4: 0.0032 | GS4: 0.0024 | GT4: 0.0021 | GU4: 0.0027 | GV4: 0.0029 | GW4: 0.0026 | GX4: 0.0027 | GY4: 0.0033 | GZ4: 0.0042 | HA4: 0.0041 | HB4: 0.0064 | HC4: 0.0091 | HD4: 0.0101 | HE4: 0.015 | HF4: 0.0189 | HG4: 0.0326 | HH4: 0.0458 | HI4: 0.0501 | HJ4: 0.0522 | HK4: 0.0556 | HL4: 0.0591 | HM4: 0.0617 | HN4: 0.0627 | HO4: 0.0624 | HP4: 0.0614 | HQ4: 0.0603 | HR4: 0.0583 | HS4: 0.058 | HT4: 0.0555 | HU4: 0.0557 | HV4: 0.0505 | HW4: 0.0478 | HX4: 0.0446 | HY4: 0.0439 | HZ4: 0.043 | IA4: 0.0427 | IB4: 0.0422 | IC4: 0.0419 | ID4: 0.0408 | IE4: 0.0403 | IF4: 0.0407 | IG4: 0.0408 | IH4: 0.0397 | II4: 0.0399 | IJ4: 0.0395 | IK4: 0.0393 | IL4: 0.0392 | IM4: 0.0404 | IN4: 0.0401 | IO4: 0.0404 | IP4: 0.0406 | IQ4: 0.0398 | IR4: 0.0389 | IS4: 0.0387 | IT4: 0.0385 | IU4: 0.0369 | IV4: 0.0361 | IW4: 0.0352 | IX4: 0.0345 | IY4: 0.0336 | IZ4: 0.0327 | JA4: 0.0317 | JB4: 0.0304 | JC4: 0.0305 | JD4: 0.0305 | JE4: 0.0305
D5: powyżej 3 miesięcy do 6 miesięcy włącznie | E5: 3 | F5: M_7;AC:A,BCS:2250,BI:L22,BRS:S1,CT:PLN,DTM:R,F:M,IBC:N,MO:T08,RA:PL | G5: 0.0542 | H5: 0.053 | I5: 0.0484 | J5: 0.0454 | K5: 0.0416 | L5: 0.0426 | M5: 0.0378 | N5: 0.0351 | O5: 0.0357 | P5: 0.0354 | Q5: 0.0327 | R5: 0.0331 | S5: 0.0325 | T5: 0.0298 | U5: 0.0281 | V5: 0.0303 | W5: 0.0289 | X5: 0.0285 | Y5: 0.0295 | Z5: 0.0301 | AA5: 0.0331 | AB5: 0.0325 | AC5: 0.0301 | AD5: 0.0306 | AE5: 0.0328 | AF5: 0.0346 | AG5: 0.0308 | AH5: 0.0311 | AI5: 0.0319 | AJ5: 0.0328 | AK5: 0.036 | AL5: 0.0356 | AM5: 0.0362 | AN5: 0.0384 | AO5: 0.0404 | AP5: 0.0427 | AQ5: 0.0435 | AR5: 0.0463 | AS5: 0.0493 | AT5: 0.0506 | AU5: 0.0522 | AV5: 0.0545 | AW5: 0.0555 | AX5: 0.0562 | AY5: 0.0557 | AZ5: 0.0655 | BA5: 0.0725 | BB5: 0.0713 | BC5: 0.0686 | BD5: 0.0618 | BE5: 0.0565 | BF5: 0.0528 | BG5: 0.0526 | BH5: 0.0518 | BI5: 0.0521 | BJ5: 0.0518 | BK5: 0.051 | BL5: 0.0507 | BM5: 0.0512 | BN5: 0.0496 | BO5: 0.0475 | BP5: 0.0478 | BQ5: 0.0459 | BR5: 0.0456 | BS5: 0.0441 | BT5: 0.0425 | BU5: 0.0416 | BV5: 0.0419 | BW5: 0.0414 | BX5: 0.0421 | BY5: 0.0423 | BZ5: 0.0428 | CA5: 0.0424 | CB5: 0.0434 | CC5: 0.0434 | CD5: 0.0439 | CE5: 0.044 | CF5: 0.0442 | CG5: 0.0456 | CH5: 0.0472 | CI5: 0.0471 | CJ5: 0.0499 | CK5: 0.0493 | CL5: 0.0487 | CM5: 0.0533 | CN5: 0.0537 | CO5: 0.0511 | CP5: 0.0504 | CQ5: 0.0518 | CR5: 0.0548 | CS5: 0.0557 | CT5: 0.055 | CU5: 0.0544 | CV5: 0.054 | CW5: 0.0509 | CX5: 0.0496 | CY5: 0.0461 | CZ5: 0.0437 | DA5: 0.0366 | DB5: 0.034 | DC5: 0.0298 | DD5: 0.0273 | DE5: 0.0258 | DF5: 0.0249 | DG5: 0.0266 | DH5: 0.0277 | DI5: 0.028 | DJ5: 0.0279 | DK5: 0.0277 | DL5: 0.0276 | DM5: 0.0273 | DN5: 0.0279 | DO5: 0.0276 | DP5: 0.0273 | DQ5: 0.0281 | DR5: 0.0305 | DS5: 0.0324 | DT5: 0.0278 | DU5: 0.0238 | DV5: 0.0236 | DW5: 0.0223 | DX5: 0.0219 | DY5: 0.0208 | DZ5: 0.0177 | EA5: 0.0182 | EB5: 0.0164 | EC5: 0.0172 | ED5: 0.0173 | EE5: 0.0182 | EF5: 0.0178 | EG5: 0.0186 | EH5: 0.0185 | EI5: 0.0179 | EJ5: 0.0177 | EK5: 0.0165 | EL5: 0.0156 | EM5: 0.0151 | EN5: 0.015 | EO5: 0.0179 | EP5: 0.0169 | EQ5: 0.0171 | ER5: 0.0168 | ES5: 0.0163 | ET5: 0.016 | EU5: 0.0165 | EV5: 0.0166 | EW5: 0.0161 | EX5: 0.0159 | EY5: 0.0154 | EZ5: 0.0157 | FA5: 0.0166 | FB5: 0.0178 | FC5: 0.0172 | FD5: 0.0161 | FE5: 0.0163 | FF5: 0.0165 | FG5: 0.0194 | FH5: 0.0187 | FI5: 0.0181 | FJ5: 0.0178 | FK5: 0.0189 | FL5: 0.0182 | FM5: 0.0185 | FN5: 0.0178 | FO5: 0.017 | FP5: 0.0175 | FQ5: 0.0181 | FR5: 0.0223 | FS5: 0.0219 | FT5: 0.021 | FU5: 0.0168 | FV5: 0.016 | FW5: 0.015 | FX5: 0.0142 | FY5: 0.0144 | FZ5: 0.0137 | GA5: 0.0144 | GB5: 0.0144 | GC5: 0.0137 | GD5: 0.0136 | GE5: 0.0136 | GF5: 0.0133 | GG5: 0.0118 | GH5: 0.008 | GI5: 0.0056 | GJ5: 0.0037 | GK5: 0.0031 | GL5: 0.0023 | GM5: 0.0046 | GN5: 0.0044 | GO5: 0.0018 | GP5: 0.0021 | GQ5: 0.0026 | GR5: 0.0026 | GS5: 0.0021 | GT5: 0.0018 | GU5: 0.0015 | GV5: 0.0013 | GW5: 0.002 | GX5: 0.0018 | GY5: 0.0032 | GZ5: 0.0029 | HA5: 0.0059 | HB5: 0.0091 | HC5: 0.0115 | HD5: 0.015 | HE5: 0.0172 | HF5: 0.0243 | HG5: 0.0375 | HH5: 0.0475 | HI5: 0.0546 | HJ5: 0.059 | HK5: 0.0617 | HL5: 0.0598 | HM5: 0.0612 | HN5: 0.0636 | HO5: 0.0639 | HP5: 0.0585 | HQ5: 0.0582 | HR5: 0.0601 | HS5: 0.0597 | HT5: 0.0667 | HU5: 0.0581 | HV5: 0.057 | HW5: 0.0539 | HX5: 0.0512 | HY5: 0.0502 | HZ5: 0.048 | IA5: 0.0482 | IB5: 0.0473 | IC5: 0.0448 | ID5: 0.046 | IE5: 0.0448 | IF5: 0.0438 | IG5: 0.044 | IH5: 0.0439 | II5: 0.0425 | IJ5: 0.0427 | IK5: 0.0423 | IL5: 0.0429 | IM5: 0.0431 | IN5: 0.0431 | IO5: 0.0432 | IP5: 0.0427 | IQ5: 0.0418 | IR5: 0.0395 | IS5: 0.0394 | IT5: 0.038 | IU5: 0.0366 | IV5: 0.0363 | IW5: 0.0367 | IX5: 0.0348 | IY5: 0.0343 | IZ5: 0.0343 | JA5: 0.0298 | JB5: 0.0317 | JC5: 0.0287 | JD5: 0.0298 | JE5: 0.0309
D6: powyżej 6 miesięcy do 1 roku włącznie | E6: 4 | F6: M_7;AC:A,BCS:2250,BI:L22,BRS:S1,CT:PLN,DTM:R,F:M,IBC:N,MO:T10,RA:PL | G6: 0.0519 | H6: 0.048 | I6: 0.0498 | J6: 0.0321 | K6: 0.0396 | L6: 0.0396 | M6: 0.0366 | N6: 0.0406 | O6: 0.0367 | P6: 0.032 | Q6: 0.0327 | R6: 0.0367 | S6: 0.037 | T6: 0.0312 | U6: 0.0314 | V6: 0.0366 | W6: 0.0338 | X6: 0.0323 | Y6: 0.0333 | Z6: 0.0291 | AA6: 0.031 | AB6: 0.0345 | AC6: 0.0331 | AD6: 0.0326 | AE6: 0.0354 | AF6: 0.0334 | AG6: 0.0385 | AH6: 0.032 | AI6: 0.0316 | AJ6: 0.0328 | AK6: 0.036 | AL6: 0.0363 | AM6: 0.039 | AN6: 0.0377 | AO6: 0.0359 | AP6: 0.0374 | AQ6: 0.0382 | AR6: 0.0527 | AS6: 0.0451 | AT6: 0.0463 | AU6: 0.0515 | AV6: 0.0524 | AW6: 0.0491 | AX6: 0.0496 | AY6: 0.0493 | AZ6: 0.0585 | BA6: 0.0626 | BB6: 0.0696 | BC6: 0.0589 | BD6: 0.0538 | BE6: 0.0523 | BF6: 0.047 | BG6: 0.0478 | BH6: 0.0501 | BI6: 0.0488 | BJ6: 0.0505 | BK6: 0.047 | BL6: 0.047 | BM6: 0.0462 | BN6: 0.0458 | BO6: 0.0425 | BP6: 0.0431 | BQ6: 0.0439 | BR6: 0.044 | BS6: 0.0438 | BT6: 0.0439 | BU6: 0.0425 | BV6: 0.0425 | BW6: 0.0419 | BX6: 0.0416 | BY6: 0.0419 | BZ6: 0.0415 | CA6: 0.0402 | CB6: 0.0409 | CC6: 0.0422 | CD6: 0.0418 | CE6: 0.0416 | CF6: 0.0422 | CG6: 0.0422 | CH6: 0.0436 | CI6: 0.044 | CJ6: 0.0438 | CK6: 0.0436 | CL6: 0.0445 | CM6: 0.0403 | CN6: 0.04 | CO6: 0.0421 | CP6: 0.0418 | CQ6: 0.0438 | CR6: 0.0494 | CS6: 0.0498 | CT6: 0.0491 | CU6: 0.0494 | CV6: 0.049 | CW6: 0.045 | CX6: 0.0433 | CY6: 0.0406 | CZ6: 0.0384 | DA6: 0.0353 | DB6: 0.0326 | DC6: 0.03 | DD6: 0.0253 | DE6: 0.0247 | DF6: 0.0231 | DG6: 0.0246 | DH6: 0.0239 | DI6: 0.0263 | DJ6: 0.0276 | DK6: 0.0257 | DL6: 0.0256 | DM6: 0.0265 | DN6: 0.0279 | DO6: 0.028 | DP6: 0.0279 | DQ6: 0.0283 | DR6: 0.028 | DS6: 0.0272 | DT6: 0.0239 | DU6: 0.0213 | DV6: 0.02 | DW6: 0.0228 | DX6: 0.0243 | DY6: 0.0212 | DZ6: 0.0186 | EA6: 0.0182 | EB6: 0.0203 | EC6: 0.0195 | ED6: 0.0189 | EE6: 0.017 | EF6: 0.0191 | EG6: 0.0192 | EH6: 0.0192 | EI6: 0.0185 | EJ6: 0.0183 | EK6: 0.0179 | EL6: 0.0178 | EM6: 0.0177 | EN6: 0.0174 | EO6: 0.018 | EP6: 0.0178 | EQ6: 0.0178 | ER6: 0.0179 | ES6: 0.017 | ET6: 0.0165 | EU6: 0.0165 | EV6: 0.0162 | EW6: 0.016 | EX6: 0.0162 | EY6: 0.0158 | EZ6: 0.0156 | FA6: 0.0161 | FB6: 0.0166 | FC6: 0.0164 | FD6: 0.0166 | FE6: 0.0167 | FF6: 0.0165 | FG6: 0.0164 | FH6: 0.0165 | FI6: 0.0172 | FJ6: 0.0171 | FK6: 0.0173 | FL6: 0.0175 | FM6: 0.0174 | FN6: 0.0171 | FO6: 0.0168 | FP6: 0.0165 | FQ6: 0.0166 | FR6: 0.0162 | FS6: 0.0166 | FT6: 0.0169 | FU6: 0.0162 | FV6: 0.0171 | FW6: 0.0163 | FX6: 0.0161 | FY6: 0.0159 | FZ6: 0.0152 | GA6: 0.0154 | GB6: 0.0153 | GC6: 0.0148 | GD6: 0.0149 | GE6: 0.0146 | GF6: 0.0141 | GG6: 0.0124 | GH6: 0.0078 | GI6: 0.0041 | GJ6: 0.0026 | GK6: 0.002 | GL6: 0.0014 | GM6: 0.0016 | GN6: 0.0015 | GO6: 0.0017 | GP6: 0.0016 | GQ6: 0.0016 | GR6: 0.0014 | GS6: 0.0014 | GT6: 0.0016 | GU6: 0.0014 | GV6: 0.0012 | GW6: 0.0013 | GX6: 0.0013 | GY6: 0.0017 | GZ6: 0.0024 | HA6: 0.0078 | HB6: 0.0127 | HC6: 0.0171 | HD6: 0.0189 | HE6: 0.0185 | HF6: 0.0251 | HG6: 0.0356 | HH6: 0.0463 | HI6: 0.0519 | HJ6: 0.0577 | HK6: 0.0628 | HL6: 0.0643 | HM6: 0.0678 | HN6: 0.0654 | HO6: 0.0636 | HP6: 0.0612 | HQ6: 0.0589 | HR6: 0.0574 | HS6: 0.0571 | HT6: 0.058 | HU6: 0.0586 | HV6: 0.0575 | HW6: 0.0541 | HX6: 0.0497 | HY6: 0.0466 | HZ6: 0.0457 | IA6: 0.043 | IB6: 0.0434 | IC6: 0.0431 | ID6: 0.0408 | IE6: 0.0429 | IF6: 0.0406 | IG6: 0.0427 | IH6: 0.0418 | II6: 0.0417 | IJ6: 0.0408 | IK6: 0.0405 | IL6: 0.0393 | IM6: 0.0402 | IN6: 0.0403 | IO6: 0.0386 | IP6: 0.0388 | IQ6: 0.0351 | IR6: 0.0343 | IS6: 0.035 | IT6: 0.0339 | IU6: 0.0351 | IV6: 0.0355 | IW6: 0.0326 | IX6: 0.0311 | IY6: 0.0308 | IZ6: 0.0285 | JA6: 0.0291 | JB6: 0.0282 | JC6: 0.03 | JD6: 0.0281 | JE6: 0.0303
D7: powyżej 1 roku | E7: 5 | F7: M_7;AC:A,BCS:2250,BI:L22,BRS:S1,CT:PLN,DTM:R,F:M,IBC:N,MO:K,RA:PL | G7: 0.0529 | H7: 0.0522 | I7: 0.0479 | J7: 0.0499 | K7: 0.0463 | L7: 0.0413 | M7: 0.0396 | N7: 0.0335 | O7: 0.0364 | P7: 0.0399 | Q7: 0.0496 | R7: 0.0526 | S7: 0.046 | T7: 0.0407 | U7: 0.0414 | V7: 0.0398 | W7: 0.0335 | X7: 0.0374 | Y7: 0.035 | Z7: 0.0311 | AA7: 0.0334 | AB7: 0.0162 | AC7: 0.0306 | AD7: 0.0286 | AE7: 0.0316 | AF7: 0.0243 | AG7: 0.0332 | AH7: 0.0325 | AI7: 0.0382 | AJ7: 0.0328 | AK7: 0.032 | AL7: 0.0358 | AM7: 0.0449 | AN7: 0.028 | AO7: 0.0364 | AP7: 0.0403 | AQ7: 0.0445 | AR7: 0.0377 | AS7: 0.03 | AT7: 0.0238 | AU7: 0.015 | AV7: 0.0183 | AW7: 0.0241 | AX7: 0.0207 | AY7: 0.066 | AZ7: 0.0683 | BA7: 0.0681 | BB7: 0.0678 | BC7: 0.0719 | BD7: 0.0522 | BE7: 0.0397 | BF7: 0.0343 | BG7: 0.0305 | BH7: 0.0308 | BI7: 0.0332 | BJ7: 0.0362 | BK7: 0.0399 | BL7: 0.0453 | BM7: 0.0454 | BN7: 0.0368 | BO7: 0.0405 | BP7: 0.0437 | BQ7: 0.0471 | BR7: 0.0459 | BS7: 0.0452 | BT7: 0.0446 | BU7: 0.0396 | BV7: 0.0386 | BW7: 0.039 | BX7: 0.0313 | BY7: 0.0393 | BZ7: 0.0425 | CA7: 0.0394 | CB7: 0.0416 | CC7: 0.0444 | CD7: 0.0408 | CE7: 0.0417 | CF7: 0.0436 | CG7: 0.043 | CH7: 0.0422 | CI7: 0.0427 | CJ7: 0.0435 | CK7: 0.0423 | CL7: 0.0435 | CM7: 0.0416 | CN7: 0.0429 | CO7: 0.0453 | CP7: 0.0484 | CQ7: 0.05 | CR7: 0.0509 | CS7: 0.0534 | CT7: 0.0465 | CU7: 0.0466 | CV7: 0.0435 | CW7: 0.0485 | CX7: 0.0423 | CY7: 0.0424 | CZ7: 0.0392 | DA7: 0.0353 | DB7: np. | DC7: np. | DD7: 0.0286 | DE7: np. | DF7: 0.0241 | DG7: 0.026 | DH7: 0.0254 | DI7: 0.0258 | DJ7: 0.0273 | DK7: np. | DL7: np. | DM7: np. | DN7: np. | DO7: np. | DP7: np. | DQ7: np. | DR7: 0.0246 | DS7: 0.0243 | DT7: 0.0229 | DU7: 0.0203 | DV7: 0.0228 | DW7: 0.0219 | DX7: 0.0232 | DY7: 0.0225 | DZ7: 0.0167 | EA7: 0.0176 | EB7: 0.0168 | EC7: 0.0171 | ED7: 0.0173 | EE7: 0.0177 | EF7: 0.0176 | EG7: 0.0174 | EH7: 0.0179 | EI7: 0.017 | EJ7: 0.017 | EK7: 0.0146 | EL7: 0.0135 | EM7: 0.0136 | EN7: 0.0119 | EO7: 0.0146 | EP7: 0.0128 | EQ7: 0.0154 | ER7: 0.0129 | ES7: 0.0141 | ET7: 0.0166 | EU7: 0.0131 | EV7: 0.0168 | EW7: 0.0161 | EX7: 0.0151 | EY7: 0.0142 | EZ7: 0.0134 | FA7: 0.0118 | FB7: 0.0126 | FC7: 0.0143 | FD7: 0.012 | FE7: 0.0119 | FF7: 0.0149 | FG7: 0.0141 | FH7: 0.0141 | FI7: 0.0149 | FJ7: 0.0167 | FK7: 0.0185 | FL7: 0.0183 | FM7: 0.0172 | FN7: 0.0158 | FO7: 0.0165 | FP7: 0.0162 | FQ7: 0.016 | FR7: 0.0174 | FS7: 0.013 | FT7: 0.0155 | FU7: 0.0172 | FV7: 0.0154 | FW7: 0.0158 | FX7: 0.0169 | FY7: 0.0162 | FZ7: 0.0176 | GA7: 0.0164 | GB7: 0.0158 | GC7: 0.0157 | GD7: 0.0146 | GE7: 0.0129 | GF7: 0.0136 | GG7: 0.0134 | GH7: 0.0079 | GI7: 0.0038 | GJ7: 0.0027 | GK7: 0.0015 | GL7: 0.0009 | GM7: 0.0018 | GN7: 0.0017 | GO7: 0.0028 | GP7: 0.0031 | GQ7: np. | GR7: 0.0029 | GS7: 0.0029 | GT7: 0.0014 | GU7: 0.0014 | GV7: 0.0009 | GW7: 0.0029 | GX7: 0.0029 | GY7: 0.0032 | GZ7: 0.0045 | HA7: 0.0033 | HB7: np. | HC7: 0.0216 | HD7: 0.0107 | HE7: 0.0237 | HF7: 0.0185 | HG7: 0.0437 | HH7: 0.0538 | HI7: np. | HJ7: 0.036 | HK7: np. | HL7: np. | HM7: np. | HN7: np. | HO7: np. | HP7: 0.042 | HQ7: 0.0546 | HR7: 0.0491 | HS7: 0.0493 | HT7: 0.0506 | HU7: 0.0494 | HV7: 0.0502 | HW7: 0.0468 | HX7: 0.0386 | HY7: 0.0375 | HZ7: 0.0408 | IA7: 0.0413 | IB7: 0.0269 | IC7: 0.027 | ID7: 0.0242 | IE7: 0.0323 | IF7: 0.0283 | IG7: 0.0277 | IH7: 0.0274 | II7: 0.031 | IJ7: np. | IK7: np. | IL7: 0.0273 | IM7: 0.0314 | IN7: 0.0351 | IO7: 0.0297 | IP7: np. | IQ7: 0.0325 | IR7: 0.0307 | IS7: np. | IT7: 0.0313 | IU7: 0.0278 | IV7: np. | IW7: 0.0248 | IX7: 0.0266 | IY7: 0.0252 | IZ7: 0.0227 | JA7: np. | JB7: np. | JC7: 0.019 | JD7: 0.0192 | JE7: 0.0277
D8: ogółem | E8: 6 | F8: M_7;AC:A,BCS:2250,BI:L22,BRS:S1,CT:PLN,DTM:R,F:M,IBC:N,MO:A,RA:PL | G8: 0.053 | H8: 0.0518 | I8: 0.0511 | J8: 0.0477 | K8: 0.0447 | L8: 0.0433 | M8: 0.0399 | N8: 0.0388 | O8: 0.0373 | P8: 0.0362 | Q8: 0.0366 | R8: 0.036 | S8: 0.0364 | T8: 0.0351 | U8: 0.0328 | V8: 0.0335 | W8: 0.0327 | X8: 0.0334 | Y8: 0.0335 | Z8: 0.0332 | AA8: 0.0331 | AB8: 0.0338 | AC8: 0.0335 | AD8: 0.0331 | AE8: 0.0337 | AF8: 0.0339 | AG8: 0.034 | AH8: 0.0338 | AI8: 0.0351 | AJ8: 0.0358 | AK8: 0.0378 | AL8: 0.0382 | AM8: 0.0395 | AN8: 0.0403 | AO8: 0.0406 | AP8: 0.0416 | AQ8: 0.0431 | AR8: 0.0469 | AS8: 0.0489 | AT8: 0.051 | AU8: 0.051 | AV8: 0.0523 | AW8: 0.0522 | AX8: 0.0539 | AY8: 0.0582 | AZ8: 0.0611 | BA8: 0.0623 | BB8: 0.0652 | BC8: 0.0615 | BD8: 0.0539 | BE8: 0.0496 | BF8: 0.0449 | BG8: 0.0448 | BH8: 0.044 | BI8: 0.0431 | BJ8: 0.0424 | BK8: 0.0424 | BL8: 0.0425 | BM8: 0.0421 | BN8: 0.0403 | BO8: 0.0391 | BP8: 0.0381 | BQ8: 0.039 | BR8: 0.039 | BS8: 0.0381 | BT8: 0.0368 | BU8: 0.0359 | BV8: 0.0352 | BW8: 0.0354 | BX8: 0.0353 | BY8: 0.0357 | BZ8: 0.0356 | CA8: 0.0356 | CB8: 0.0365 | CC8: 0.0377 | CD8: 0.0377 | CE8: 0.0384 | CF8: 0.0411 | CG8: 0.0424 | CH8: 0.0433 | CI8: 0.0436 | CJ8: 0.0447 | CK8: 0.0463 | CL8: 0.0473 | CM8: 0.0477 | CN8: 0.0466 | CO8: 0.0458 | CP8: 0.0458 | CQ8: 0.0468 | CR8: 0.0494 | CS8: 0.0492 | CT8: 0.0482 | CU8: 0.0478 | CV8: 0.0477 | CW8: 0.0449 | CX8: 0.0422 | CY8: 0.0396 | CZ8: 0.0375 | DA8: 0.0334 | DB8: 0.031 | DC8: 0.0281 | DD8: 0.0256 | DE8: 0.0247 | DF8: 0.0242 | DG8: 0.025 | DH8: 0.0255 | DI8: 0.0256 | DJ8: 0.0259 | DK8: 0.0255 | DL8: 0.0258 | DM8: 0.0261 | DN8: 0.0264 | DO8: 0.0263 | DP8: 0.0262 | DQ8: 0.0263 | DR8: 0.027 | DS8: 0.0278 | DT8: 0.025 | DU8: 0.0223 | DV8: 0.0231 | DW8: 0.0225 | DX8: 0.0227 | DY8: 0.0209 | DZ8: 0.0191 | EA8: 0.0178 | EB8: 0.0174 | EC8: 0.0177 | ED8: 0.0175 | EE8: 0.0174 | EF8: 0.0175 | EG8: 0.0177 | EH8: 0.0176 | EI8: 0.0171 | EJ8: 0.0167 | EK8: 0.0161 | EL8: 0.0157 | EM8: 0.0153 | EN8: 0.0152 | EO8: 0.0168 | EP8: 0.0161 | EQ8: 0.0163 | ER8: 0.0162 | ES8: 0.0156 | ET8: 0.0149 | EU8: 0.015 | EV8: 0.015 | EW8: 0.0147 | EX8: 0.0144 | EY8: 0.014 | EZ8: 0.0138 | FA8: 0.0144 | FB8: 0.0149 | FC8: 0.0146 | FD8: 0.0149 | FE8: 0.0152 | FF8: 0.0152 | FG8: 0.0158 | FH8: 0.0153 | FI8: 0.0153 | FJ8: 0.0153 | FK8: 0.016 | FL8: 0.0162 | FM8: 0.0161 | FN8: 0.0158 | FO8: 0.0168 | FP8: 0.0161 | FQ8: 0.018 | FR8: 0.0183 | FS8: 0.0175 | FT8: 0.0173 | FU8: 0.0159 | FV8: 0.0156 | FW8: 0.0152 | FX8: 0.0141 | FY8: 0.0141 | FZ8: 0.0134 | GA8: 0.0132 | GB8: 0.0134 | GC8: 0.0131 | GD8: 0.0121 | GE8: 0.0125 | GF8: 0.012 | GG8: 0.0121 | GH8: 0.0093 | GI8: 0.0062 | GJ8: 0.0044 | GK8: 0.0036 | GL8: 0.0032 | GM8: 0.0049 | GN8: 0.0042 | GO8: 0.0044 | GP8: 0.0051 | GQ8: 0.0042 | GR8: 0.0026 | GS8: 0.002 | GT8: 0.0018 | GU8: 0.0021 | GV8: 0.0022 | GW8: 0.0022 | GX8: 0.0023 | GY8: 0.0029 | GZ8: 0.0035 | HA8: 0.0044 | HB8: 0.0068 | HC8: 0.0102 | HD8: 0.0119 | HE8: 0.015 | HF8: 0.0203 | HG8: 0.0342 | HH8: 0.0455 | HI8: 0.049 | HJ8: 0.0525 | HK8: 0.0556 | HL8: 0.0568 | HM8: 0.0607 | HN8: 0.0625 | HO8: 0.0604 | HP8: 0.0581 | HQ8: 0.0576 | HR8: 0.057 | HS8: 0.0568 | HT8: 0.058 | HU8: 0.0553 | HV8: 0.0528 | HW8: 0.0496 | HX8: 0.0461 | HY8: 0.045 | HZ8: 0.0441 | IA8: 0.0442 | IB8: 0.0438 | IC8: 0.043 | ID8: 0.0418 | IE8: 0.0414 | IF8: 0.0412 | IG8: 0.0414 | IH8: 0.0408 | II8: 0.0406 | IJ8: 0.04 | IK8: 0.0396 | IL8: 0.0395 | IM8: 0.0407 | IN8: 0.0404 | IO8: 0.0405 | IP8: 0.0405 | IQ8: 0.0393 | IR8: 0.0382 | IS8: 0.0379 | IT8: 0.0373 | IU8: 0.0361 | IV8: 0.0356 | IW8: 0.0346 | IX8: 0.0334 | IY8: 0.0329 | IZ8: 0.0321 | JA8: 0.0307 | JB8: 0.0298 | JC8: 0.0294 | JD8: 0.0294 | JE8: 0.03
B9: Przedsiębiorstwa niefinansowe | C9: Depozyty z terminem pierwotnym | D9: do 1 miesiąca włącznie | E9: 7 | F9: M_7;AC:A,BCS:2240,BI:L22,BRS:S1,CT:PLN,DTM:R,F:M,IBC:N,MO:T06,RA:PL | G9: 0.0566 | H9: 0.0549 | I9: 0.0572 | J9: 0.0523 | K9: 0.0482 | L9: 0.046 | M9: 0.0434 | N9: 0.0417 | O9: 0.0404 | P9: 0.0402 | Q9: 0.0399 | R9: 0.0376 | S9: 0.039 | T9: 0.0373 | U9: 0.0358 | V9: 0.0356 | W9: 0.0359 | X9: 0.0352 | Y9: 0.0358 | Z9: 0.0356 | AA9: 0.0352 | AB9: 0.0359 | AC9: 0.0352 | AD9: 0.0348 | AE9: 0.0353 | AF9: 0.0357 | AG9: 0.0357 | AH9: 0.0352 | AI9: 0.0385 | AJ9: 0.0394 | AK9: 0.0411 | AL9: 0.0409 | AM9: 0.0422 | AN9: 0.045 | AO9: 0.0457 | AP9: 0.0418 | AQ9: 0.0471 | AR9: 0.0496 | AS9: 0.0529 | AT9: 0.055 | AU9: 0.0534 | AV9: 0.0551 | AW9: 0.0556 | AX9: 0.0562 | AY9: 0.0551 | AZ9: 0.0561 | BA9: 0.0541 | BB9: 0.0547 | BC9: 0.0475 | BD9: 0.0386 | BE9: 0.0324 | BF9: 0.0314 | BG9: 0.0329 | BH9: 0.0312 | BI9: 0.0288 | BJ9: 0.0279 | BK9: 0.0283 | BL9: 0.0278 | BM9: 0.029 | BN9: 0.0277 | BO9: 0.0266 | BP9: 0.0273 | BQ9: 0.0277 | BR9: 0.0282 | BS9: 0.0293 | BT9: 0.0295 | BU9: 0.0275 | BV9: 0.0291 | BW9: 0.0295 | BX9: 0.0296 | BY9: 0.0288 | BZ9: 0.0289 | CA9: 0.0284 | CB9: 0.0302 | CC9: 0.0321 | CD9: 0.0331 | CE9: 0.0333 | CF9: 0.0382 | CG9: 0.0387 | CH9: 0.0395 | CI9: 0.0399 | CJ9: 0.0391 | CK9: 0.0404 | CL9: 0.0396 | CM9: 0.0388 | CN9: 0.0383 | CO9: 0.0397 | CP9: 0.0392 | CQ9: 0.042 | CR9: 0.0424 | CS9: 0.0427 | CT9: 0.0432 | CU9: 0.0442 | CV9: 0.0425 | CW9: 0.0416 | CX9: 0.0381 | CY9: 0.0349 | CZ9: 0.0337 | DA9: 0.0299 | DB9: 0.0281 | DC9: 0.0266 | DD9: 0.0241 | DE9: 0.0216 | DF9: 0.0219 | DG9: 0.0224 | DH9: 0.0221 | DI9: 0.0227 | DJ9: 0.022 | DK9: 0.0226 | DL9: 0.0222 | DM9: 0.0236 | DN9: 0.0232 | DO9: 0.0233 | DP9: 0.0239 | DQ9: 0.0232 | DR9: 0.0235 | DS9: 0.0234 | DT9: 0.0191 | DU9: 0.0184 | DV9: 0.0188 | DW9: 0.0173 | DX9: 0.0177 | DY9: 0.0152 | DZ9: 0.0141 | EA9: 0.0141 | EB9: 0.0146 | EC9: 0.014 | ED9: 0.0144 | EE9: 0.0145 | EF9: 0.0142 | EG9: 0.0144 | EH9: 0.0139 | EI9: 0.0128 | EJ9: 0.0115 | EK9: 0.0111 | EL9: 0.0114 | EM9: 0.0115 | EN9: 0.0117 | EO9: 0.0117 | EP9: 0.0119 | EQ9: 0.012 | ER9: 0.0116 | ES9: 0.0113 | ET9: 0.0106 | EU9: 0.011 | EV9: 0.0114 | EW9: 0.0109 | EX9: 0.0109 | EY9: 0.0113 | EZ9: 0.0111 | FA9: 0.0117 | FB9: 0.0111 | FC9: 0.0112 | FD9: 0.0108 | FE9: 0.0114 | FF9: 0.0103 | FG9: 0.0104 | FH9: 0.0111 | FI9: 0.0115 | FJ9: 0.0115 | FK9: 0.0109 | FL9: 0.0109 | FM9: 0.0108 | FN9: 0.0102 | FO9: 0.0111 | FP9: 0.0106 | FQ9: 0.0103 | FR9: 0.0098 | FS9: 0.0103 | FT9: 0.0108 | FU9: 0.0108 | FV9: 0.0108 | FW9: 0.0106 | FX9: 0.01 | FY9: 0.0106 | FZ9: 0.0104 | GA9: 0.01 | GB9: 0.0096 | GC9: 0.0094 | GD9: 0.0076 | GE9: 0.0086 | GF9: 0.0085 | GG9: 0.0067 | GH9: 0.0035 | GI9: 0.0019 | GJ9: 0.0007 | GK9: 0.0005 | GL9: 0.0004 | GM9: 0.0004 | GN9: 0.0004 | GO9: 0.0004 | GP9: 0.0003 | GQ9: 0.0003 | GR9: 0.0003 | GS9: 0.0002 | GT9: 0.0002 | GU9: 0.0003 | GV9: 0.0003 | GW9: 0.0002 | GX9: 0.0003 | GY9: 0.0002 | GZ9: 0.0009 | HA9: 0.0057 | HB9: 0.0078 | HC9: 0.0116 | HD9: 0.0139 | HE9: 0.0223 | HF9: 0.0309 | HG9: 0.0376 | HH9: 0.0468 | HI9: 0.0511 | HJ9: 0.0542 | HK9: 0.0536 | HL9: 0.0547 | HM9: 0.0547 | HN9: 0.0541 | HO9: 0.0534 | HP9: 0.0532 | HQ9: 0.0519 | HR9: 0.0514 | HS9: 0.052 | HT9: 0.0529 | HU9: 0.0526 | HV9: 0.0522 | HW9: 0.0452 | HX9: 0.0421 | HY9: 0.0413 | HZ9: 0.0388 | IA9: 0.0407 | IB9: 0.0398 | IC9: 0.0397 | ID9: 0.0397 | IE9: 0.0397 | IF9: 0.0396 | IG9: 0.0409 | IH9: 0.0404 | II9: 0.041 | IJ9: 0.0408 | IK9: 0.0409 | IL9: 0.0397 | IM9: 0.04 | IN9: 0.0401 | IO9: 0.0416 | IP9: 0.0415 | IQ9: 0.0391 | IR9: 0.0381 | IS9: 0.0362 | IT9: 0.0357 | IU9: 0.0343 | IV9: 0.0325 | IW9: 0.0294 | IX9: 0.0267 | IY9: 0.0268 | IZ9: 0.027 | JA9: 0.0266 | JB9: 0.0253 | JC9: 0.0255 | JD9: 0.0265 | JE9: 0.0261
D10: powyżej 1 miesiąca do 3 miesięcy włącznie | E10: 8 | F10: M_7;AC:A,BCS:2240,BI:L22,BRS:S1,CT:PLN,DTM:R,F:M,IBC:N,MO:T07,RA:PL | G10: 0.0603 | H10: 0.0595 | I10: 0.0582 | J10: 0.0534 | K10: 0.0505 | L10: 0.0479 | M10: 0.0436 | N10: 0.0427 | O10: 0.0412 | P10: 0.0412 | Q10: 0.0416 | R10: 0.0409 | S10: 0.0402 | T10: 0.0381 | U10: 0.0373 | V10: 0.0372 | W10: 0.0373 | X10: 0.0377 | Y10: 0.0371 | Z10: 0.0372 | AA10: 0.0372 | AB10: 0.0371 | AC10: 0.0372 | AD10: 0.0372 | AE10: 0.0371 | AF10: 0.037 | AG10: 0.0376 | AH10: 0.0378 | AI10: 0.0398 | AJ10: 0.0408 | AK10: 0.0427 | AL10: 0.043 | AM10: 0.045 | AN10: 0.0456 | AO10: 0.0465 | AP10: 0.0499 | AQ10: 0.0502 | AR10: 0.0511 | AS10: 0.0543 | AT10: 0.0569 | AU10: 0.0579 | AV10: 0.0592 | AW10: 0.0593 | AX10: 0.053 | AY10: 0.0603 | AZ10: 0.0628 | BA10: 0.0647 | BB10: 0.0674 | BC10: 0.0598 | BD10: 0.0534 | BE10: 0.0503 | BF10: 0.0472 | BG10: 0.0464 | BH10: 0.0464 | BI10: 0.0435 | BJ10: 0.042 | BK10: 0.0416 | BL10: 0.0432 | BM10: 0.0436 | BN10: 0.0454 | BO10: 0.041 | BP10: 0.0408 | BQ10: 0.0393 | BR10: 0.0378 | BS10: 0.0377 | BT10: 0.0375 | BU10: 0.0377 | BV10: 0.038 | BW10: 0.0402 | BX10: 0.0387 | BY10: 0.0408 | BZ10: 0.0405 | CA10: 0.0395 | CB10: 0.0401 | CC10: 0.041 | CD10: 0.0419 | CE10: 0.0442 | CF10: 0.0479 | CG10: 0.0471 | CH10: 0.0502 | CI10: 0.0516 | CJ10: 0.0516 | CK10: 0.0545 | CL10: 0.0548 | CM10: 0.0521 | CN10: 0.0526 | CO10: 0.0507 | CP10: 0.0518 | CQ10: 0.0521 | CR10: 0.0549 | CS10: 0.0544 | CT10: 0.0532 | CU10: 0.0525 | CV10: 0.052 | CW10: 0.0492 | CX10: 0.046 | CY10: 0.0423 | CZ10: 0.0408 | DA10: 0.0357 | DB10: 0.0343 | DC10: 0.0307 | DD10: 0.0285 | DE10: 0.0265 | DF10: 0.0263 | DG10: 0.0267 | DH10: 0.0266 | DI10: 0.0268 | DJ10: 0.0275 | DK10: 0.0268 | DL10: 0.0272 | DM10: 0.0275 | DN10: 0.0276 | DO10: 0.028 | DP10: 0.0283 | DQ10: 0.0276 | DR10: 0.0271 | DS10: 0.0268 | DT10: 0.0229 | DU10: 0.0211 | DV10: 0.0213 | DW10: 0.0208 | DX10: 0.0206 | DY10: 0.0178 | DZ10: 0.0173 | EA10: 0.0172 | EB10: 0.0173 | EC10: 0.0172 | ED10: 0.0175 | EE10: 0.0177 | EF10: 0.0176 | EG10: 0.0179 | EH10: 0.0183 | EI10: 0.0163 | EJ10: 0.0153 | EK10: 0.0149 | EL10: 0.0144 | EM10: 0.0143 | EN10: 0.0148 | EO10: 0.0155 | EP10: 0.0153 | EQ10: 0.0156 | ER10: 0.0155 | ES10: 0.0155 | ET10: 0.0153 | EU10: 0.015 | EV10: 0.0151 | EW10: 0.0151 | EX10: 0.015 | EY10: 0.0152 | EZ10: 0.0152 | FA10: 0.0153 | FB10: 0.0155 | FC10: 0.0154 | FD10: 0.0153 | FE10: 0.0156 | FF10: 0.0151 | FG10: 0.015 | FH10: 0.0148 | FI10: 0.0149 | FJ10: 0.0148 | FK10: 0.0146 | FL10: 0.0147 | FM10: 0.0147 | FN10: 0.0147 | FO10: 0.0151 | FP10: 0.0143 | FQ10: 0.0145 | FR10: 0.0144 | FS10: 0.0144 | FT10: 0.0144 | FU10: 0.0143 | FV10: 0.014 | FW10: 0.0142 | FX10: 0.0139 | FY10: 0.0137 | FZ10: 0.0136 | GA10: 0.0137 | GB10: 0.0136 | GC10: 0.0135 | GD10: 0.0126 | GE10: 0.0125 | GF10: 0.0126 | GG10: 0.0104 | GH10: 0.0055 | GI10: 0.0034 | GJ10: 0.0012 | GK10: 0.0007 | GL10: 0.0006 | GM10: 0.0005 | GN10: 0.0005 | GO10: 0.0005 | GP10: 0.0007 | GQ10: 0.0006 | GR10: 0.0005 | GS10: 0.0005 | GT10: 0.0005 | GU10: 0.0005 | GV10: 0.0004 | GW10: 0.0004 | GX10: 0.0004 | GY10: 0.0004 | GZ10: 0.0014 | HA10: 0.0065 | HB10: 0.0081 | HC10: 0.0125 | HD10: 0.0155 | HE10: 0.0264 | HF10: 0.0378 | HG10: 0.0458 | HH10: 0.0536 | HI10: 0.0576 | HJ10: 0.0616 | HK10: 0.0621 | HL10: 0.062 | HM10: 0.0645 | HN10: 0.0599 | HO10: 0.0589 | HP10: 0.0594 | HQ10: 0.0569 | HR10: 0.0572 | HS10: 0.0568 | HT10: 0.0573 | HU10: 0.0568 | HV10: 0.0562 | HW10: 0.0492 | HX10: 0.0454 | HY10: 0.046 | HZ10: 0.0427 | IA10: 0.044 | IB10: 0.0457 | IC10: 0.0428 | ID10: 0.0449 | IE10: 0.0435 | IF10: 0.0437 | IG10: 0.045 | IH10: 0.0443 | II10: 0.0441 | IJ10: 0.0437 | IK10: 0.0441 | IL10: 0.0436 | IM10: 0.0433 | IN10: 0.0444 | IO10: 0.0452 | IP10: 0.0439 | IQ10: 0.0418 | IR10: 0.0406 | IS10: 0.04 | IT10: 0.0379 | IU10: 0.037 | IV10: 0.0349 | IW10: 0.0319 | IX10: 0.03 | IY10: 0.029 | IZ10: 0.0297 | JA10: 0.0287 | JB10: 0.0294 | JC10: 0.0292 | JD10: 0.0301 | JE10: 0.0298
D11: powyżej 3 miesięcy do 6 miesięcy włącznie | E11: 9 | F11: M_7;AC:A,BCS:2240,BI:L22,BRS:S1,CT:PLN,DTM:R,F:M,IBC:N,MO:T08,RA:PL | G11: 0.0602 | H11: 0.0594 | I11: 0.0563 | J11: 0.0514 | K11: 0.0477 | L11: 0.0465 | M11: 0.0422 | N11: 0.0415 | O11: 0.0401 | P11: 0.0403 | Q11: 0.0419 | R11: 0.0414 | S11: 0.0401 | T11: 0.0391 | U11: 0.0372 | V11: 0.0372 | W11: 0.0382 | X11: 0.0379 | Y11: 0.0381 | Z11: 0.0373 | AA11: 0.0371 | AB11: 0.0387 | AC11: 0.0382 | AD11: 0.0383 | AE11: 0.0383 | AF11: 0.0382 | AG11: 0.0387 | AH11: 0.0396 | AI11: 0.0397 | AJ11: 0.0408 | AK11: 0.0424 | AL11: 0.0451 | AM11: 0.0452 | AN11: 0.0463 | AO11: 0.0467 | AP11: 0.0505 | AQ11: 0.0501 | AR11: 0.051 | AS11: 0.0549 | AT11: 0.0564 | AU11: 0.0573 | AV11: 0.0598 | AW11: 0.0616 | AX11: 0.0603 | AY11: 0.0621 | AZ11: 0.0623 | BA11: 0.0711 | BB11: 0.0684 | BC11: 0.0608 | BD11: 0.0541 | BE11: 0.0508 | BF11: 0.0492 | BG11: 0.0531 | BH11: 0.0483 | BI11: 0.0476 | BJ11: 0.0472 | BK11: 0.0467 | BL11: 0.0481 | BM11: 0.0456 | BN11: 0.0481 | BO11: 0.0467 | BP11: 0.0439 | BQ11: 0.0435 | BR11: 0.0433 | BS11: 0.0408 | BT11: 0.0406 | BU11: 0.0416 | BV11: 0.0415 | BW11: 0.0425 | BX11: 0.0448 | BY11: 0.0431 | BZ11: 0.0435 | CA11: 0.0432 | CB11: 0.0443 | CC11: 0.0438 | CD11: 0.045 | CE11: 0.0473 | CF11: 0.0487 | CG11: 0.0503 | CH11: 0.0528 | CI11: 0.0544 | CJ11: 0.0553 | CK11: 0.0583 | CL11: 0.0572 | CM11: 0.0537 | CN11: 0.054 | CO11: 0.0538 | CP11: 0.0529 | CQ11: 0.0559 | CR11: 0.0549 | CS11: 0.0551 | CT11: 0.0548 | CU11: 0.055 | CV11: 0.0519 | CW11: 0.0494 | CX11: 0.0454 | CY11: 0.043 | CZ11: 0.0408 | DA11: 0.0362 | DB11: 0.0348 | DC11: 0.0304 | DD11: 0.0277 | DE11: 0.0279 | DF11: 0.0272 | DG11: 0.0276 | DH11: 0.0279 | DI11: 0.0283 | DJ11: 0.0291 | DK11: 0.0283 | DL11: 0.0284 | DM11: 0.0282 | DN11: 0.0287 | DO11: 0.0266 | DP11: 0.0296 | DQ11: 0.0287 | DR11: 0.0283 | DS11: 0.0278 | DT11: 0.025 | DU11: 0.0209 | DV11: 0.0225 | DW11: 0.0219 | DX11: 0.0216 | DY11: 0.0193 | DZ11: 0.0189 | EA11: 0.0181 | EB11: 0.0197 | EC11: 0.0195 | ED11: 0.0199 | EE11: 0.0191 | EF11: 0.0195 | EG11: 0.0202 | EH11: 0.019 | EI11: 0.0179 | EJ11: 0.0179 | EK11: 0.017 | EL11: 0.0172 | EM11: 0.0165 | EN11: 0.016 | EO11: 0.017 | EP11: 0.0171 | EQ11: 0.0168 | ER11: 0.0173 | ES11: 0.0172 | ET11: 0.0171 | EU11: 0.017 | EV11: 0.017 | EW11: 0.0167 | EX11: 0.0167 | EY11: 0.0169 | EZ11: 0.017 | FA11: 0.0172 | FB11: 0.0171 | FC11: 0.0174 | FD11: 0.0171 | FE11: 0.0172 | FF11: 0.0157 | FG11: 0.017 | FH11: 0.0169 | FI11: 0.0158 | FJ11: 0.0161 | FK11: 0.017 | FL11: 0.0171 | FM11: 0.0171 | FN11: 0.0169 | FO11: 0.016 | FP11: 0.0165 | FQ11: 0.0159 | FR11: 0.0165 | FS11: 0.0157 | FT11: 0.0163 | FU11: 0.0153 | FV11: 0.0155 | FW11: 0.0163 | FX11: 0.0152 | FY11: 0.0147 | FZ11: 0.0149 | GA11: 0.0156 | GB11: 0.0152 | GC11: 0.0149 | GD11: 0.0122 | GE11: 0.0138 | GF11: 0.0135 | GG11: 0.0116 | GH11: 0.0059 | GI11: 0.0042 | GJ11: 0.0012 | GK11: 0.001 | GL11: 0.0006 | GM11: 0.0006 | GN11: 0.0007 | GO11: 0.0007 | GP11: 0.0006 | GQ11: 0.0007 | GR11: 0.0006 | GS11: 0.0005 | GT11: 0.0005 | GU11: 0.0005 | GV11: 0.0005 | GW11: 0.0004 | GX11: 0.0004 | GY11: 0.0006 | GZ11: 0.0011 | HA11: 0.0064 | HB11: 0.0095 | HC11: 0.0133 | HD11: 0.0177 | HE11: 0.0274 | HF11: 0.0377 | HG11: 0.0489 | HH11: 0.0542 | HI11: 0.0554 | HJ11: 0.0587 | HK11: 0.061 | HL11: 0.0621 | HM11: 0.0653 | HN11: 0.0651 | HO11: 0.0605 | HP11: 0.0586 | HQ11: 0.0594 | HR11: 0.0559 | HS11: 0.057 | HT11: 0.0583 | HU11: 0.056 | HV11: 0.0528 | HW11: 0.048 | HX11: 0.0445 | HY11: 0.0438 | HZ11: 0.0443 | IA11: 0.0432 | IB11: 0.0462 | IC11: 0.0463 | ID11: 0.0436 | IE11: 0.0441 | IF11: 0.0448 | IG11: 0.0453 | IH11: 0.0436 | II11: 0.044 | IJ11: 0.0463 | IK11: 0.0435 | IL11: 0.0446 | IM11: 0.0418 | IN11: 0.0442 | IO11: 0.0453 | IP11: 0.042 | IQ11: 0.0377 | IR11: 0.0378 | IS11: 0.0356 | IT11: 0.0353 | IU11: 0.0352 | IV11: 0.0337 | IW11: 0.03 | IX11: 0.031 | IY11: 0.0294 | IZ11: 0.029 | JA11: 0.0307 | JB11: 0.0289 | JC11: 0.0275 | JD11: 0.028 | JE11: 0.0302
D12: powyżej 6 miesięcy do 1 roku włącznie | E12: 10 | F12: M_7;AC:A,BCS:2240,BI:L22,BRS:S1,CT:PLN,DTM:R,F:M,IBC:N,MO:T10,RA:PL | G12: 0.0555 | H12: 0.0513 | I12: 0.0506 | J12: 0.0481 | K12: 0.0479 | L12: 0.0444 | M12: 0.0405 | N12: 0.0424 | O12: 0.0372 | P12: 0.0407 | Q12: 0.0415 | R12: 0.0413 | S12: 0.0376 | T12: 0.0374 | U12: 0.0364 | V12: 0.0378 | W12: 0.0372 | X12: 0.0377 | Y12: 0.0371 | Z12: 0.0369 | AA12: 0.0374 | AB12: 0.0375 | AC12: 0.0376 | AD12: 0.0359 | AE12: 0.0383 | AF12: 0.0388 | AG12: 0.0389 | AH12: 0.0413 | AI12: 0.0376 | AJ12: 0.0405 | AK12: 0.0395 | AL12: 0.04 | AM12: 0.0406 | AN12: 0.0369 | AO12: 0.0443 | AP12: 0.0493 | AQ12: 0.0501 | AR12: 0.0488 | AS12: 0.0546 | AT12: 0.0523 | AU12: 0.0509 | AV12: 0.0542 | AW12: 0.054 | AX12: 0.0542 | AY12: 0.0528 | AZ12: 0.0596 | BA12: 0.0679 | BB12: 0.0665 | BC12: 0.0595 | BD12: 0.0564 | BE12: 0.0481 | BF12: 0.0463 | BG12: 0.0477 | BH12: 0.0484 | BI12: 0.0507 | BJ12: 0.0486 | BK12: 0.0485 | BL12: 0.0501 | BM12: 0.048 | BN12: 0.0471 | BO12: 0.0463 | BP12: 0.0462 | BQ12: 0.0447 | BR12: 0.0433 | BS12: 0.0419 | BT12: 0.0421 | BU12: 0.0439 | BV12: 0.0406 | BW12: 0.0425 | BX12: 0.0464 | BY12: 0.0441 | BZ12: 0.0443 | CA12: 0.0457 | CB12: 0.0467 | CC12: 0.0469 | CD12: 0.0449 | CE12: 0.0447 | CF12: np. | CG12: 0.0496 | CH12: 0.0483 | CI12: 0.0537 | CJ12: 0.051 | CK12: 0.054 | CL12: 0.0535 | CM12: 0.0534 | CN12: 0.0539 | CO12: 0.0516 | CP12: 0.0537 | CQ12: 0.0541 | CR12: 0.0523 | CS12: 0.054 | CT12: 0.0536 | CU12: 0.0526 | CV12: 0.0519 | CW12: 0.0476 | CX12: 0.0448 | CY12: 0.0428 | CZ12: 0.0384 | DA12: 0.0375 | DB12: 0.0336 | DC12: 0.0293 | DD12: 0.0279 | DE12: 0.0291 | DF12: 0.0283 | DG12: 0.0309 | DH12: 0.031 | DI12: 0.0308 | DJ12: 0.03 | DK12: 0.0306 | DL12: 0.0309 | DM12: 0.031 | DN12: 0.032 | DO12: 0.032 | DP12: 0.0279 | DQ12: 0.0288 | DR12: 0.0268 | DS12: 0.0273 | DT12: 0.022 | DU12: 0.023 | DV12: 0.0231 | DW12: 0.0202 | DX12: 0.0209 | DY12: 0.0182 | DZ12: 0.0156 | EA12: 0.0174 | EB12: 0.0192 | EC12: 0.0183 | ED12: 0.0188 | EE12: 0.0185 | EF12: 0.0199 | EG12: 0.0205 | EH12: 0.019 | EI12: 0.0188 | EJ12: 0.0181 | EK12: 0.0179 | EL12: 0.0179 | EM12: 0.0179 | EN12: 0.0174 | EO12: 0.0181 | EP12: 0.0178 | EQ12: 0.018 | ER12: 0.0172 | ES12: 0.0187 | ET12: 0.0181 | EU12: 0.0177 | EV12: 0.017 | EW12: 0.018 | EX12: 0.0173 | EY12: 0.0165 | EZ12: 0.0174 | FA12: 0.0154 | FB12: 0.0177 | FC12: 0.0172 | FD12: 0.0164 | FE12: 0.0172 | FF12: 0.0174 | FG12: 0.0169 | FH12: 0.0165 | FI12: 0.0179 | FJ12: 0.0173 | FK12: 0.0169 | FL12: 0.0174 | FM12: 0.0175 | FN12: 0.019 | FO12: 0.0186 | FP12: 0.017 | FQ12: 0.0172 | FR12: 0.017 | FS12: 0.0157 | FT12: 0.0163 | FU12: 0.0165 | FV12: 0.0137 | FW12: 0.0161 | FX12: 0.0148 | FY12: 0.0155 | FZ12: 0.0155 | GA12: 0.0162 | GB12: 0.0149 | GC12: 0.015 | GD12: 0.0145 | GE12: 0.0145 | GF12: 0.0131 | GG12: 0.0116 | GH12: 0.0049 | GI12: 0.0046 | GJ12: 0.0017 | GK12: 0.0013 | GL12: 0.0008 | GM12: 0.0007 | GN12: 0.0006 | GO12: 0.0005 | GP12: 0.0008 | GQ12: 0.0006 | GR12: 0.0006 | GS12: 0.0006 | GT12: 0.0004 | GU12: 0.0004 | GV12: 0.0005 | GW12: 0.0005 | GX12: 0.0003 | GY12: 0.0004 | GZ12: 0.0017 | HA12: 0.0033 | HB12: 0.0115 | HC12: 0.0107 | HD12: 0.016 | HE12: 0.029 | HF12: 0.0271 | HG12: 0.0382 | HH12: 0.0511 | HI12: 0.0441 | HJ12: 0.0477 | HK12: 0.0413 | HL12: 0.0507 | HM12: 0.0521 | HN12: 0.0593 | HO12: 0.0604 | HP12: 0.0568 | HQ12: 0.0593 | HR12: 0.0554 | HS12: 0.0567 | HT12: 0.054 | HU12: 0.0538 | HV12: 0.0519 | HW12: 0.0434 | HX12: 0.0421 | HY12: 0.0412 | HZ12: 0.0394 | IA12: 0.0417 | IB12: 0.0427 | IC12: 0.0433 | ID12: 0.0424 | IE12: 0.0436 | IF12: 0.0438 | IG12: 0.0435 | IH12: 0.0414 | II12: 0.0388 | IJ12: 0.0431 | IK12: 0.0417 | IL12: 0.0395 | IM12: 0.0419 | IN12: 0.0436 | IO12: 0.0419 | IP12: 0.0412 | IQ12: 0.034 | IR12: 0.0322 | IS12: 0.0339 | IT12: 0.0337 | IU12: 0.0353 | IV12: 0.0292 | IW12: 0.0295 | IX12: 0.0244 | IY12: 0.0256 | IZ12: 0.0269 | JA12: 0.0281 | JB12: 0.0268 | JC12: 0.0282 | JD12: 0.0295 | JE12: 0.0269
D13: powyżej 1 roku | E13: 11 | F13: M_7;AC:A,BCS:2240,BI:L22,BRS:S1,CT:PLN,DTM:R,F:M,IBC:N,MO:K,RA:PL | G13: 0.0537 | H13: 0.0512 | I13: 0.0482 | J13: 0.0492 | K13: 0.0473 | L13: 0.0418 | M13: 0.0403 | N13: 0.0381 | O13: 0.0384 | P13: 0.0327 | Q13: 0.0405 | R13: 0.04 | S13: 0.0379 | T13: 0.0331 | U13: 0.0312 | V13: 0.0242 | W13: 0.0257 | X13: 0.0332 | Y13: 0.0363 | Z13: 0.0352 | AA13: 0.0376 | AB13: 0.0332 | AC13: 0.0353 | AD13: 0.0176 | AE13: 0.0376 | AF13: 0.0108 | AG13: 0.038 | AH13: 0.0158 | AI13: 0.0374 | AJ13: 0.038 | AK13: 0.0386 | AL13: 0.0416 | AM13: 0.0414 | AN13: 0.0435 | AO13: 0.0201 | AP13: 0.0188 | AQ13: 0.0472 | AR13: 0.0481 | AS13: 0.0245 | AT13: 0.0329 | AU13: 0.0311 | AV13: 0.0275 | AW13: 0.0536 | AX13: 0.0324 | AY13: 0.0529 | AZ13: 0.0567 | BA13: 0.0609 | BB13: 0.0655 | BC13: 0.049 | BD13: 0.0468 | BE13: 0.0383 | BF13: 0.0445 | BG13: 0.0325 | BH13: 0.0402 | BI13: 0.0438 | BJ13: 0.0369 | BK13: 0.0344 | BL13: 0.0407 | BM13: 0.0372 | BN13: 0.0461 | BO13: 0.0412 | BP13: 0.047 | BQ13: 0.033 | BR13: 0.0421 | BS13: 0.0432 | BT13: 0.0483 | BU13: 0.0447 | BV13: 0.0475 | BW13: 0.038 | BX13: 0.0493 | BY13: 0.0442 | BZ13: 0.0421 | CA13: 0.0463 | CB13: 0.0457 | CC13: 0.0462 | CD13: np. | CE13: 0.0465 | CF13: 0.045 | CG13: 0.0462 | CH13: 0.0458 | CI13: 0.0426 | CJ13: 0.0547 | CK13: 0.0467 | CL13: 0.0513 | CM13: 0.044 | CN13: 0.0452 | CO13: 0.0482 | CP13: 0.0437 | CQ13: 0.0559 | CR13: 0.0556 | CS13: 0.0532 | CT13: 0.0503 | CU13: np. | CV13: 0.05 | CW13: 0.0416 | CX13: 0.041 | CY13: 0.0381 | CZ13: 0.0374 | DA13: 0.0335 | DB13: 0.0318 | DC13: 0.0298 | DD13: np. | DE13: np. | DF13: 0.0266 | DG13: 0.0255 | DH13: 0.0254 | DI13: np. | DJ13: 0.0265 | DK13: 0.0256 | DL13: 0.0246 | DM13: 0.0283 | DN13: 0.0224 | DO13: 0.0275 | DP13: 0.0245 | DQ13: 0.0225 | DR13: 0.0225 | DS13: 0.0208 | DT13: 0.0179 | DU13: 0.0161 | DV13: 0.0177 | DW13: 0.0165 | DX13: 0.0168 | DY13: 0.0173 | DZ13: 0.0147 | EA13: 0.0147 | EB13: 0.0169 | EC13: 0.0126 | ED13: 0.014 | EE13: 0.012 | EF13: 0.0116 | EG13: 0.0128 | EH13: 0.0174 | EI13: 0.0145 | EJ13: 0.0147 | EK13: 0.014 | EL13: 0.0149 | EM13: 0.0175 | EN13: 0.0135 | EO13: 0.0182 | EP13: 0.0144 | EQ13: np. | ER13: 0.0179 | ES13: 0.0175 | ET13: 0.0161 | EU13: 0.0162 | EV13: 0.0163 | EW13: np. | EX13: np. | EY13: np. | EZ13: np. | FA13: np. | FB13: np. | FC13: np. | FD13: np. | FE13: 0.0146 | FF13: 0.015 | FG13: 0.0149 | FH13: 0.0106 | FI13: 0.0131 | FJ13: 0.0123 | FK13: 0.0131 | FL13: 0.0129 | FM13: 0.0155 | FN13: 0.0109 | FO13: 0.014 | FP13: 0.0134 | FQ13: 0.0128 | FR13: 0.016 | FS13: 0.0173 | FT13: 0.0135 | FU13: 0.0109 | FV13: 0.0128 | FW13: 0.0151 | FX13: 0.0128 | FY13: 0.011 | FZ13: 0.0126 | GA13: 0.0099 | GB13: 0.01 | GC13: 0.0105 | GD13: 0.0108 | GE13: 0.0116 | GF13: 0.007 | GG13: np. | GH13: 0.0037 | GI13: 0.0024 | GJ13: 0.0005 | GK13: 0.001 | GL13: 0.0005 | GM13: 0.0004 | GN13: 0.0016 | GO13: 0.0004 | GP13: 0.0005 | GQ13: np. | GR13: 0.0003 | GS13: 0.0003 | GT13: np. | GU13: 0.0006 | GV13: 0.0007 | GW13: 0.0006 | GX13: np. | GY13: 0.0002 | GZ13: 0.0003 | HA13: 0.0009 | HB13: 0.0067 | HC13: 0.0081 | HD13: 0.0071 | HE13: 0.0081 | HF13: 0.0223 | HG13: 0.0198 | HH13: 0.0236 | HI13: 0.0433 | HJ13: 0.0197 | HK13: 0.0397 | HL13: 0.0281 | HM13: 0.0435 | HN13: 0.0451 | HO13: 0.0525 | HP13: 0.0291 | HQ13: 0.0529 | HR13: 0.0501 | HS13: 0.0476 | HT13: 0.0483 | HU13: 0.0366 | HV13: np. | HW13: 0.0281 | HX13: 0.0393 | HY13: 0.0314 | HZ13: 0.0363 | IA13: 0.0339 | IB13: 0.032 | IC13: 0.0384 | ID13: 0.0362 | IE13: 0.0408 | IF13: 0.0403 | IG13: 0.0398 | IH13: 0.0332 | II13: 0.0344 | IJ13: 0.0294 | IK13: 0.0263 | IL13: 0.0336 | IM13: 0.0345 | IN13: 0.0268 | IO13: 0.0314 | IP13: 0.028 | IQ13: 0.0246 | IR13: 0.0284 | IS13: 0.0295 | IT13: 0.0294 | IU13: 0.0242 | IV13: 0.0288 | IW13: 0.0255 | IX13: 0.021 | IY13: 0.028 | IZ13: 0.0279 | JA13: 0.0222 | JB13: 0.0264 | JC13: 0.0107 | JD13: 0.0322 | JE13: 0.0262
D14: ogółem | E14: 12 | F14: M_7;AC:A,BCS:2240,BI:L22,BRS:S1,CT:PLN,DTM:R,F:M,IBC:N,MO:A,RA:PL | G14: 0.0568 | H14: 0.0552 | I14: 0.0572 | J14: 0.0524 | K14: 0.0483 | L14: 0.0461 | M14: 0.0434 | N14: 0.0417 | O14: 0.0404 | P14: 0.0403 | Q14: 0.04 | R14: 0.0378 | S14: 0.0391 | T14: 0.0374 | U14: 0.0359 | V14: 0.0357 | W14: 0.036 | X14: 0.0353 | Y14: 0.0359 | Z14: 0.0357 | AA14: 0.0353 | AB14: 0.036 | AC14: 0.0353 | AD14: 0.0349 | AE14: 0.0355 | AF14: 0.0358 | AG14: 0.0358 | AH14: 0.0354 | AI14: 0.0385 | AJ14: 0.0395 | AK14: 0.0412 | AL14: 0.041 | AM14: 0.0424 | AN14: 0.0451 | AO14: 0.0458 | AP14: 0.0423 | AQ14: 0.0474 | AR14: 0.0497 | AS14: 0.053 | AT14: 0.0552 | AU14: 0.0539 | AV14: 0.0556 | AW14: 0.0561 | AX14: 0.0558 | AY14: 0.0558 | AZ14: 0.057 | BA14: 0.0554 | BB14: 0.056 | BC14: 0.0488 | BD14: 0.0402 | BE14: 0.0343 | BF14: 0.0333 | BG14: 0.0347 | BH14: 0.0329 | BI14: 0.0308 | BJ14: 0.0298 | BK14: 0.0302 | BL14: 0.0301 | BM14: 0.0308 | BN14: 0.0299 | BO14: 0.0292 | BP14: 0.0293 | BQ14: 0.0294 | BR14: 0.0297 | BS14: 0.0305 | BT14: 0.0305 | BU14: 0.0292 | BV14: 0.0302 | BW14: 0.0309 | BX14: 0.0311 | BY14: 0.0305 | BZ14: 0.0305 | CA14: 0.0301 | CB14: 0.0317 | CC14: 0.0336 | CD14: 0.0346 | CE14: 0.0351 | CF14: 0.0399 | CG14: 0.0407 | CH14: 0.042 | CI14: 0.0427 | CJ14: 0.0421 | CK14: 0.0444 | CL14: 0.0433 | CM14: 0.042 | CN14: 0.0417 | CO14: 0.0424 | CP14: 0.043 | CQ14: 0.0444 | CR14: 0.0456 | CS14: 0.0462 | CT14: 0.0455 | CU14: 0.0462 | CV14: 0.0446 | CW14: 0.0432 | CX14: 0.0395 | CY14: 0.0366 | CZ14: 0.0352 | DA14: 0.0312 | DB14: 0.0295 | DC14: 0.0272 | DD14: 0.0248 | DE14: 0.0229 | DF14: 0.0228 | DG14: 0.0232 | DH14: 0.0232 | DI14: 0.0237 | DJ14: 0.0232 | DK14: 0.0236 | DL14: 0.0233 | DM14: 0.0246 | DN14: 0.0242 | DO14: 0.0243 | DP14: 0.0249 | DQ14: 0.0244 | DR14: 0.0243 | DS14: 0.0241 | DT14: 0.02 | DU14: 0.019 | DV14: 0.0192 | DW14: 0.0181 | DX14: 0.0183 | DY14: 0.0158 | DZ14: 0.0149 | EA14: 0.0149 | EB14: 0.0153 | EC14: 0.0148 | ED14: 0.0153 | EE14: 0.0153 | EF14: 0.015 | EG14: 0.0152 | EH14: 0.0149 | EI14: 0.0136 | EJ14: 0.0124 | EK14: 0.0121 | EL14: 0.0123 | EM14: 0.0123 | EN14: 0.0125 | EO14: 0.0129 | EP14: 0.0129 | EQ14: 0.0131 | ER14: 0.0129 | ES14: 0.0126 | ET14: 0.012 | EU14: 0.0123 | EV14: 0.0123 | EW14: 0.0122 | EX14: 0.0121 | EY14: 0.0125 | EZ14: 0.0124 | FA14: 0.013 | FB14: 0.0124 | FC14: 0.0126 | FD14: 0.0121 | FE14: 0.0124 | FF14: 0.0116 | FG14: 0.012 | FH14: 0.0122 | FI14: 0.0126 | FJ14: 0.0125 | FK14: 0.012 | FL14: 0.0122 | FM14: 0.0123 | FN14: 0.0117 | FO14: 0.0124 | FP14: 0.0119 | FQ14: 0.0115 | FR14: 0.0111 | FS14: 0.0118 | FT14: 0.012 | FU14: 0.0119 | FV14: 0.0118 | FW14: 0.0117 | FX14: 0.0112 | FY14: 0.0116 | FZ14: 0.0113 | GA14: 0.0112 | GB14: 0.0108 | GC14: 0.0105 | GD14: 0.0088 | GE14: 0.0099 | GF14: 0.0097 | GG14: 0.0077 | GH14: 0.0041 | GI14: 0.0025 | GJ14: 0.0009 | GK14: 0.0007 | GL14: 0.0005 | GM14: 0.0005 | GN14: 0.0005 | GO14: 0.0004 | GP14: 0.0005 | GQ14: 0.0005 | GR14: 0.0004 | GS14: 0.0003 | GT14: 0.0003 | GU14: 0.0004 | GV14: 0.0004 | GW14: 0.0003 | GX14: 0.0004 | GY14: 0.0004 | GZ14: 0.0011 | HA14: 0.0059 | HB14: 0.0081 | HC14: 0.012 | HD14: 0.0145 | HE14: 0.0231 | HF14: 0.0325 | HG14: 0.0405 | HH14: 0.0482 | HI14: 0.053 | HJ14: 0.0564 | HK14: 0.0558 | HL14: 0.0566 | HM14: 0.057 | HN14: 0.0554 | HO14: 0.055 | HP14: 0.0541 | HQ14: 0.0531 | HR14: 0.0527 | HS14: 0.0531 | HT14: 0.0538 | HU14: 0.0536 | HV14: 0.053 | HW14: 0.0459 | HX14: 0.0428 | HY14: 0.0422 | HZ14: 0.0396 | IA14: 0.0414 | IB14: 0.0409 | IC14: 0.0404 | ID14: 0.0407 | IE14: 0.0404 | IF14: 0.0408 | IG14: 0.0418 | IH14: 0.0411 | II14: 0.0415 | IJ14: 0.0415 | IK14: 0.0414 | IL14: 0.0404 | IM14: 0.0406 | IN14: 0.0408 | IO14: 0.0423 | IP14: 0.0419 | IQ14: 0.0395 | IR14: 0.0385 | IS14: 0.037 | IT14: 0.0361 | IU14: 0.0348 | IV14: 0.0329 | IW14: 0.0299 | IX14: 0.0273 | IY14: 0.0272 | IZ14: 0.0274 | JA14: 0.0271 | JB14: 0.0262 | JC14: 0.0262 | JD14: 0.0271 | JE14: 0.027
B15: ogółem | E15: 13 | F15: M_7;AC:A,BCS:2230,BI:L22,BRS:S1,CT:PLN,DTM:R,F:M,IBC:N,MO:A,RA:PL | G15: 0.0557 | H15: 0.0542 | I15: 0.0555 | J15: 0.051 | K15: 0.0473 | L15: 0.0453 | M15: 0.0424 | N15: 0.0409 | O15: 0.0396 | P15: 0.0392 | Q15: 0.0391 | R15: 0.0373 | S15: 0.0383 | T15: 0.0367 | U15: 0.0351 | V15: 0.0351 | W15: 0.0351 | X15: 0.0349 | Y15: 0.0353 | Z15: 0.0351 | AA15: 0.0348 | AB15: 0.0354 | AC15: 0.0348 | AD15: 0.0345 | AE15: 0.0351 | AF15: 0.0353 | AG15: 0.0354 | AH15: 0.035 | AI15: 0.0378 | AJ15: 0.0387 | AK15: 0.0405 | AL15: 0.0404 | AM15: 0.0418 | AN15: 0.044 | AO15: 0.0447 | AP15: 0.0422 | AQ15: 0.0464 | AR15: 0.049 | AS15: 0.0519 | AT15: 0.0538 | AU15: 0.0529 | AV15: 0.0545 | AW15: 0.0548 | AX15: 0.0552 | AY15: 0.0567 | AZ15: 0.0585 | BA15: 0.0575 | BB15: 0.0585 | BC15: 0.0519 | BD15: 0.0434 | BE15: 0.0382 | BF15: 0.0361 | BG15: 0.0372 | BH15: 0.0354 | BI15: 0.0336 | BJ15: 0.0328 | BK15: 0.033 | BL15: 0.0329 | BM15: 0.0332 | BN15: 0.0317 | BO15: 0.0312 | BP15: 0.0311 | BQ15: 0.0313 | BR15: 0.0316 | BS15: 0.0319 | BT15: 0.0316 | BU15: 0.0304 | BV15: 0.031 | BW15: 0.0317 | BX15: 0.0318 | BY15: 0.0313 | BZ15: 0.0312 | CA15: 0.0309 | CB15: 0.0325 | CC15: 0.0343 | CD15: 0.0352 | CE15: 0.0356 | CF15: 0.0401 | CG15: 0.041 | CH15: 0.0423 | CI15: 0.0429 | CJ15: 0.0427 | CK15: 0.0448 | CL15: 0.0443 | CM15: 0.0435 | CN15: 0.0429 | CO15: 0.0432 | CP15: 0.0438 | CQ15: 0.0451 | CR15: 0.0466 | CS15: 0.047 | CT15: 0.0462 | CU15: 0.0467 | CV15: 0.0455 | CW15: 0.0436 | CX15: 0.0401 | CY15: 0.0374 | CZ15: 0.0358 | DA15: 0.0318 | DB15: 0.0298 | DC15: 0.0274 | DD15: 0.025 | DE15: 0.0233 | DF15: 0.0231 | DG15: 0.0236 | DH15: 0.0238 | DI15: 0.0242 | DJ15: 0.0238 | DK15: 0.0241 | DL15: 0.024 | DM15: 0.025 | DN15: 0.0247 | DO15: 0.0248 | DP15: 0.0252 | DQ15: 0.0248 | DR15: 0.025 | DS15: 0.025 | DT15: 0.0211 | DU15: 0.0197 | DV15: 0.0202 | DW15: 0.0193 | DX15: 0.0197 | DY15: 0.0173 | DZ15: 0.0162 | EA15: 0.0158 | EB15: 0.0159 | EC15: 0.0157 | ED15: 0.0161 | EE15: 0.0159 | EF15: 0.0158 | EG15: 0.016 | EH15: 0.0157 | EI15: 0.0149 | EJ15: 0.0141 | EK15: 0.0136 | EL15: 0.0136 | EM15: 0.0135 | EN15: 0.0135 | EO15: 0.0145 | EP15: 0.0142 | EQ15: 0.0143 | ER15: 0.0142 | ES15: 0.0138 | ET15: 0.0131 | EU15: 0.0133 | EV15: 0.0134 | EW15: 0.0132 | EX15: 0.0129 | EY15: 0.0131 | EZ15: 0.0129 | FA15: 0.0136 | FB15: 0.0134 | FC15: 0.0133 | FD15: 0.0131 | FE15: 0.0135 | FF15: 0.0129 | FG15: 0.0135 | FH15: 0.0134 | FI15: 0.0136 | FJ15: 0.0136 | FK15: 0.0135 | FL15: 0.0138 | FM15: 0.0138 | FN15: 0.0134 | FO15: 0.0141 | FP15: 0.0136 | FQ15: 0.0143 | FR15: 0.0139 | FS15: 0.014 | FT15: 0.0141 | FU15: 0.0135 | FV15: 0.0133 | FW15: 0.0131 | FX15: 0.0123 | FY15: 0.0126 | FZ15: 0.0121 | GA15: 0.0119 | GB15: 0.0118 | GC15: 0.0115 | GD15: 0.01 | GE15: 0.0109 | GF15: 0.0105 | GG15: 0.0093 | GH15: 0.0057 | GI15: 0.0037 | GJ15: 0.0024 | GK15: 0.0019 | GL15: 0.0018 | GM15: 0.0027 | GN15: 0.0024 | GO15: 0.0024 | GP15: 0.0024 | GQ15: 0.0023 | GR15: 0.0015 | GS15: 0.001 | GT15: 0.001 | GU15: 0.0011 | GV15: 0.0012 | GW15: 0.0012 | GX15: 0.0013 | GY15: 0.0015 | GZ15: 0.0021 | HA15: 0.0055 | HB15: 0.0078 | HC15: 0.0114 | HD15: 0.0137 | HE15: 0.0213 | HF15: 0.0295 | HG15: 0.0383 | HH15: 0.0472 | HI15: 0.0517 | HJ15: 0.0551 | HK15: 0.0557 | HL15: 0.0566 | HM15: 0.0581 | HN15: 0.0572 | HO15: 0.0568 | HP15: 0.0553 | HQ15: 0.0544 | HR15: 0.0539 | HS15: 0.0542 | HT15: 0.0549 | HU15: 0.0541 | HV15: 0.0529 | HW15: 0.047 | HX15: 0.0437 | HY15: 0.043 | HZ15: 0.0409 | IA15: 0.0423 | IB15: 0.0418 | IC15: 0.0412 | ID15: 0.0411 | IE15: 0.0407 | IF15: 0.041 | IG15: 0.0417 | IH15: 0.041 | II15: 0.0413 | IJ15: 0.0411 | IK15: 0.0409 | IL15: 0.0402 | IM15: 0.0406 | IN15: 0.0407 | IO15: 0.0418 | IP15: 0.0415 | IQ15: 0.0395 | IR15: 0.0384 | IS15: 0.0373 | IT15: 0.0364 | IU15: 0.0351 | IV15: 0.0336 | IW15: 0.0312 | IX15: 0.0288 | IY15: 0.0288 | IZ15: 0.0287 | JA15: 0.028 | JB15: 0.0272 | JC15: 0.0271 | JD15: 0.0277 | JE15: 0.0278
A16: Kredyty i inne należności w PLN | B16: Gospodarstwa domowe i instytucje niekomercyjne działające na rzecz gospodarstw domowych | C16: Kredyty na cele konsumpcyjne (bez kredytów o charakterze bieżącym) | D16: stopa zmienna i stała do 3 miesięcy włącznie | E16: 14 | F16: M_7;AC:A,BCS:2250,BI:A2B,BRS:S1,CT:PLN,DTM:R,F:M,IBC:N,MO:D,RA:PL | G16: 0.1622 | H16: 0.1474 | I16: 0.1466 | J16: 0.1299 | K16: 0.1444 | L16: 0.1459 | M16: 0.1394 | N16: 0.1424 | O16: 0.1413 | P16: 0.1441 | Q16: 0.1479 | R16: 0.1415 | S16: 0.1414 | T16: 0.1425 | U16: 0.1472 | V16: 0.149 | W16: 0.1499 | X16: 0.1478 | Y16: 0.1345 | Z16: 0.1346 | AA16: 0.134 | AB16: 0.147 | AC16: 0.1423 | AD16: 0.1437 | AE16: 0.1562 | AF16: 0.1459 | AG16: 0.1463 | AH16: 0.1414 | AI16: 0.1436 | AJ16: 0.1393 | AK16: 0.1439 | AL16: 0.1442 | AM16: 0.1447 | AN16: 0.1488 | AO16: 0.1491 | AP16: 0.1479 | AQ16: 0.1507 | AR16: 0.1553 | AS16: 0.1604 | AT16: 0.1648 | AU16: 0.168 | AV16: 0.1701 | AW16: 0.1728 | AX16: 0.1736 | AY16: 0.1745 | AZ16: 0.1759 | BA16: 0.1684 | BB16: 0.1643 | BC16: 0.1698 | BD16: 0.164 | BE16: 0.1679 | BF16: 0.1693 | BG16: 0.1672 | BH16: 0.1683 | BI16: 0.1719 | BJ16: 0.1716 | BK16: 0.1697 | BL16: 0.164 | BM16: 0.165 | BN16: 0.1636 | BO16: 0.1607 | BP16: 0.1608 | BQ16: 0.162 | BR16: 0.1603 | BS16: 0.1617 | BT16: 0.1609 | BU16: 0.156 | BV16: 0.1551 | BW16: 0.1517 | BX16: 0.1477 | BY16: 0.149 | BZ16: 0.15 | CA16: 0.1508 | CB16: 0.1543 | CC16: 0.1549 | CD16: 0.1571 | CE16: 0.1589 | CF16: 0.1572 | CG16: 0.1535 | CH16: 0.1556 | CI16: 0.153 | CJ16: 0.1546 | CK16: 0.1527 | CL16: 0.1494 | CM16: 0.1556 | CN16: 0.152 | CO16: 0.1539 | CP16: 0.1548 | CQ16: 0.1523 | CR16: 0.1332 | CS16: 0.1517 | CT16: 0.1585 | CU16: 0.1574 | CV16: 0.1634 | CW16: 0.1645 | CX16: 0.1602 | CY16: 0.1603 | CZ16: 0.1506 | DA16: 0.1606 | DB16: 0.1471 | DC16: 0.1578 | DD16: 0.1427 | DE16: 0.1489 | DF16: 0.1463 | DG16: 0.1424 | DH16: 0.1419 | DI16: 0.1401 | DJ16: 0.1367 | DK16: 0.1385 | DL16: 0.1377 | DM16: 0.1393 | DN16: 0.1374 | DO16: 0.1379 | DP16: 0.1373 | DQ16: 0.1367 | DR16: 0.1333 | DS16: 0.1293 | DT16: 0.1144 | DU16: 0.11 | DV16: 0.1065 | DW16: 0.1075 | DX16: 0.1036 | DY16: 0.0929 | DZ16: 0.0909 | EA16: 0.0911 | EB16: 0.0901 | EC16: 0.0921 | ED16: 0.091 | EE16: 0.0883 | EF16: 0.0889 | EG16: 0.0881 | EH16: 0.0904 | EI16: 0.0913 | EJ16: 0.0894 | EK16: 0.0891 | EL16: 0.0878 | EM16: 0.088 | EN16: 0.087 | EO16: 0.0869 | EP16: 0.0884 | EQ16: 0.0864 | ER16: 0.0867 | ES16: 0.0862 | ET16: 0.0826 | EU16: 0.0851 | EV16: 0.084 | EW16: 0.0834 | EX16: 0.0841 | EY16: 0.0854 | EZ16: 0.0843 | FA16: 0.0855 | FB16: 0.086 | FC16: 0.0849 | FD16: 0.0851 | FE16: 0.0851 | FF16: 0.084 | FG16: 0.0851 | FH16: 0.0859 | FI16: 0.0853 | FJ16: 0.0855 | FK16: 0.086 | FL16: 0.0864 | FM16: 0.0863 | FN16: 0.0857 | FO16: 0.0858 | FP16: 0.0842 | FQ16: 0.0833 | FR16: 0.0852 | FS16: 0.087 | FT16: 0.0867 | FU16: 0.0874 | FV16: 0.0867 | FW16: 0.0864 | FX16: 0.0868 | FY16: 0.0878 | FZ16: 0.0876 | GA16: 0.0869 | GB16: 0.0878 | GC16: 0.0881 | GD16: 0.0874 | GE16: 0.0882 | GF16: 0.0886 | GG16: 0.086 | GH16: 0.0773 | GI16: 0.0744 | GJ16: 0.071 | GK16: 0.0713 | GL16: 0.0715 | GM16: 0.0715 | GN16: 0.0718 | GO16: 0.0711 | GP16: 0.0709 | GQ16: 0.0711 | GR16: 0.0711 | GS16: 0.0709 | GT16: 0.0708 | GU16: 0.0711 | GV16: 0.071 | GW16: 0.071 | GX16: 0.071 | GY16: 0.0708 | GZ16: 0.075 | HA16: 0.0823 | HB16: 0.0887 | HC16: 0.0962 | HD16: 0.0988 | HE16: 0.1032 | HF16: 0.1064 | HG16: 0.1119 | HH16: 0.1169 | HI16: 0.1208 | HJ16: 0.1237 | HK16: 0.1262 | HL16: 0.1255 | HM16: 0.1264 | HN16: 0.1297 | HO16: 0.1299 | HP16: 0.1305 | HQ16: 0.1321 | HR16: 0.1329 | HS16: 0.133 | HT16: 0.1324 | HU16: 0.1303 | HV16: 0.1311 | HW16: 0.1304 | HX16: 0.1301 | HY16: 0.1303 | HZ16: 0.1309 | IA16: 0.1272 | IB16: 0.1251 | IC16: 0.1246 | ID16: 0.1238 | IE16: 0.1252 | IF16: 0.1249 | IG16: 0.1444 | IH16: 0.1368 | II16: 0.1333 | IJ16: 0.1326 | IK16: 0.1287 | IL16: 0.1255 | IM16: 0.1292 | IN16: 0.1289 | IO16: 0.1276 | IP16: 0.127 | IQ16: 0.1269 | IR16: 0.1264 | IS16: 0.1198 | IT16: 0.1186 | IU16: 0.119 | IV16: 0.1177 | IW16: 0.1113 | IX16: 0.1086 | IY16: 0.1108 | IZ16: 0.1102 | JA16: 0.1087 | JB16: 0.1077 | JC16: 0.1081 | JD16: 0.1061 | JE16: 0.1059
D17: stopa stała od 3 miesięcy do 1 roku włącznie | E17: 15 | F17: M_7;AC:A,BCS:2250,BI:A2B,BRS:S1,CT:PLN,DTM:R,F:M,IBC:N,MO:Q,RA:PL | G17: 0.0988 | H17: 0.0956 | I17: 0.0991 | J17: 0.1031 | K17: 0.1023 | L17: 0.1008 | M17: 0.0969 | N17: 0.0946 | O17: 0.097 | P17: 0.0912 | Q17: 0.0872 | R17: 0.0918 | S17: 0.0885 | T17: 0.0911 | U17: 0.093 | V17: 0.0984 | W17: 0.0995 | X17: 0.101 | Y17: 0.0989 | Z17: 0.101 | AA17: 0.1122 | AB17: 0.108 | AC17: 0.1088 | AD17: 0.1034 | AE17: 0.1018 | AF17: 0.0993 | AG17: 0.1056 | AH17: 0.0977 | AI17: 0.104 | AJ17: 0.1017 | AK17: 0.1038 | AL17: 0.1043 | AM17: 0.1001 | AN17: 0.1021 | AO17: 0.0974 | AP17: 0.0883 | AQ17: 0.1019 | AR17: 0.1025 | AS17: 0.1031 | AT17: 0.1086 | AU17: 0.1119 | AV17: 0.1141 | AW17: 0.1134 | AX17: 0.1151 | AY17: 0.1195 | AZ17: 0.1217 | BA17: 0.1233 | BB17: 0.1194 | BC17: 0.1177 | BD17: 0.1164 | BE17: 0.1153 | BF17: 0.1208 | BG17: 0.122 | BH17: 0.1205 | BI17: 0.1214 | BJ17: 0.1209 | BK17: 0.1183 | BL17: 0.1131 | BM17: 0.1103 | BN17: 0.1078 | BO17: 0.1147 | BP17: 0.1118 | BQ17: 0.1097 | BR17: 0.1253 | BS17: 0.1297 | BT17: 0.1318 | BU17: 0.1299 | BV17: 0.1267 | BW17: 0.1206 | BX17: 0.1187 | BY17: 0.1154 | BZ17: 0.116 | CA17: 0.1171 | CB17: 0.1218 | CC17: 0.1207 | CD17: 0.1194 | CE17: 0.1206 | CF17: 0.1302 | CG17: 0.1304 | CH17: 0.1226 | CI17: 0.1163 | CJ17: 0.1204 | CK17: 0.1141 | CL17: 0.1126 | CM17: 0.1382 | CN17: 0.1362 | CO17: 0.1318 | CP17: 0.1496 | CQ17: 0.1521 | CR17: 0.1505 | CS17: 0.1526 | CT17: 0.1492 | CU17: 0.1468 | CV17: 0.1452 | CW17: 0.1406 | CX17: 0.1201 | CY17: 0.1268 | CZ17: 0.1181 | DA17: 0.1177 | DB17: 0.1073 | DC17: 0.0966 | DD17: 0.0944 | DE17: 0.0822 | DF17: 0.0749 | DG17: 0.0865 | DH17: 0.0861 | DI17: 0.0782 | DJ17: 0.0735 | DK17: 0.0735 | DL17: 0.0779 | DM17: 0.0778 | DN17: 0.0833 | DO17: 0.0811 | DP17: 0.0808 | DQ17: 0.0799 | DR17: 0.0767 | DS17: 0.0715 | DT17: 0.059 | DU17: 0.0529 | DV17: 0.0424 | DW17: 0.0473 | DX17: 0.0478 | DY17: 0.0428 | DZ17: 0.0432 | EA17: 0.0431 | EB17: 0.0441 | EC17: 0.0439 | ED17: 0.0438 | EE17: 0.0438 | EF17: 0.0443 | EG17: 0.04 | EH17: 0.0377 | EI17: 0.0426 | EJ17: 0.0426 | EK17: 0.0422 | EL17: 0.0434 | EM17: 0.0361 | EN17: 0.0384 | EO17: 0.0332 | EP17: 0.0306 | EQ17: 0.0298 | ER17: 0.0305 | ES17: 0.0282 | ET17: 0.0251 | EU17: 0.0291 | EV17: 0.032 | EW17: 0.0322 | EX17: 0.0291 | EY17: 0.032 | EZ17: 0.0337 | FA17: 0.0358 | FB17: 0.0376 | FC17: 0.0365 | FD17: 0.0338 | FE17: 0.031 | FF17: 0.0283 | FG17: 0.0276 | FH17: 0.0292 | FI17: 0.0336 | FJ17: 0.0355 | FK17: 0.0365 | FL17: 0.0376 | FM17: 0.0401 | FN17: 0.0372 | FO17: 0.0379 | FP17: 0.0365 | FQ17: 0.0336 | FR17: 0.0339 | FS17: 0.0366 | FT17: 0.0371 | FU17: 0.0432 | FV17: 0.0362 | FW17: 0.0354 | FX17: 0.0348 | FY17: 0.0331 | FZ17: 0.0347 | GA17: 0.0333 | GB17: 0.0313 | GC17: 0.0299 | GD17: 0.0297 | GE17: 0.0396 | GF17: 0.0419 | GG17: 0.0398 | GH17: 0.0348 | GI17: 0.0307 | GJ17: 0.0323 | GK17: 0.036 | GL17: 0.0302 | GM17: 0.0321 | GN17: 0.0317 | GO17: 0.0297 | GP17: 0.0315 | GQ17: 0.034 | GR17: 0.0298 | GS17: 0.0314 | GT17: 0.0347 | GU17: 0.0321 | GV17: 0.0332 | GW17: 0.0344 | GX17: 0.0299 | GY17: 0.0332 | GZ17: 0.0331 | HA17: 0.0284 | HB17: 0.0425 | HC17: 0.0417 | HD17: 0.0362 | HE17: 0.0378 | HF17: 0.0398 | HG17: 0.0416 | HH17: 0.0473 | HI17: 0.0516 | HJ17: 0.0497 | HK17: 0.0511 | HL17: 0.0502 | HM17: 0.0523 | HN17: 0.0592 | HO17: 0.0604 | HP17: 0.0588 | HQ17: 0.0576 | HR17: 0.0596 | HS17: 0.0579 | HT17: 0.0629 | HU17: 0.0647 | HV17: 0.0578 | HW17: 0.0604 | HX17: 0.0613 | HY17: 0.0557 | HZ17: 0.0622 | IA17: 0.0575 | IB17: 0.0547 | IC17: 0.0553 | ID17: 0.0543 | IE17: 0.0561 | IF17: 0.0576 | IG17: 0.0609 | IH17: 0.0605 | II17: 0.061 | IJ17: 0.058 | IK17: 0.0597 | IL17: 0.0592 | IM17: 0.0605 | IN17: 0.0531 | IO17: 0.0514 | IP17: 0.054 | IQ17: 0.0547 | IR17: 0.0577 | IS17: 0.0595 | IT17: 0.0565 | IU17: 0.0578 | IV17: 0.0569 | IW17: 0.0512 | IX17: 0.0529 | IY17: 0.057 | IZ17: 0.0544 | JA17: 0.0521 | JB17: 0.0538 | JC17: 0.0497 | JD17: 0.0533 | JE17: 0.0549
D18: stopa stała od 1 roku do 5 lat włącznie | E18: 16 | F18: M_7;AC:A,BCS:2250,BI:A2B,BRS:S1,CT:PLN,DTM:R,F:M,IBC:N,MO:I,RA:PL | G18: 0.1265 | H18: 0.1126 | I18: 0.1233 | J18: 0.1376 | K18: 0.1332 | L18: 0.1264 | M18: 0.1226 | N18: 0.1206 | O18: 0.1288 | P18: 0.1238 | Q18: 0.1178 | R18: 0.1116 | S18: 0.1142 | T18: 0.1154 | U18: 0.1164 | V18: 0.1175 | W18: 0.1168 | X18: 0.117 | Y18: 0.1155 | Z18: 0.1081 | AA18: 0.1102 | AB18: 0.1066 | AC18: 0.1088 | AD18: 0.1043 | AE18: 0.1369 | AF18: 0.1422 | AG18: 0.1321 | AH18: 0.1368 | AI18: 0.1403 | AJ18: 0.1439 | AK18: 0.1461 | AL18: 0.1405 | AM18: 0.1377 | AN18: 0.1353 | AO18: 0.1367 | AP18: 0.1325 | AQ18: 0.1374 | AR18: 0.1378 | AS18: 0.139 | AT18: 0.1404 | AU18: 0.1453 | AV18: 0.1442 | AW18: 0.1473 | AX18: 0.1463 | AY18: 0.1441 | AZ18: 0.1473 | BA18: 0.1554 | BB18: 0.1474 | BC18: 0.149 | BD18: 0.1513 | BE18: 0.1491 | BF18: 0.1523 | BG18: 0.152 | BH18: 0.1495 | BI18: 0.149 | BJ18: 0.1473 | BK18: 0.1482 | BL18: 0.1456 | BM18: 0.145 | BN18: 0.1371 | BO18: 0.1537 | BP18: 0.1538 | BQ18: 0.1563 | BR18: 0.1593 | BS18: 0.1623 | BT18: 0.163 | BU18: 0.1613 | BV18: 0.1591 | BW18: 0.1562 | BX18: 0.1555 | BY18: 0.1555 | BZ18: 0.1537 | CA18: 0.1573 | CB18: 0.1643 | CC18: 0.161 | CD18: 0.1518 | CE18: 0.1548 | CF18: 0.1669 | CG18: 0.1676 | CH18: 0.1615 | CI18: 0.1533 | CJ18: 0.1627 | CK18: 0.1533 | CL18: 0.162 | CM18: 0.172 | CN18: 0.1716 | CO18: 0.1639 | CP18: 0.173 | CQ18: 0.1778 | CR18: 0.1745 | CS18: 0.1779 | CT18: 0.1778 | CU18: 0.1743 | CV18: 0.1773 | CW18: 0.1736 | CX18: 0.1666 | CY18: 0.1688 | CZ18: 0.1716 | DA18: 0.1683 | DB18: 0.1696 | DC18: 0.1641 | DD18: 0.1611 | DE18: 0.1507 | DF18: 0.146 | DG18: 0.1435 | DH18: 0.1417 | DI18: 0.1333 | DJ18: 0.1336 | DK18: 0.1329 | DL18: 0.1391 | DM18: 0.136 | DN18: 0.14 | DO18: 0.1363 | DP18: 0.1417 | DQ18: 0.1351 | DR18: 0.1329 | DS18: 0.1275 | DT18: 0.1054 | DU18: 0.0958 | DV18: 0.0848 | DW18: 0.0868 | DX18: 0.0931 | DY18: 0.0808 | DZ18: 0.0836 | EA18: 0.0811 | EB18: 0.0815 | EC18: 0.081 | ED18: 0.078 | EE18: 0.077 | EF18: 0.0775 | EG18: 0.0771 | EH18: 0.0735 | EI18: 0.07 | EJ18: 0.0731 | EK18: 0.0741 | EL18: 0.0784 | EM18: 0.0748 | EN18: 0.0735 | EO18: 0.0672 | EP18: 0.0648 | EQ18: 0.0661 | ER18: 0.0652 | ES18: 0.0639 | ET18: 0.0628 | EU18: 0.0644 | EV18: 0.066 | EW18: 0.0629 | EX18: 0.0604 | EY18: 0.0653 | EZ18: 0.0646 | FA18: 0.0631 | FB18: 0.063 | FC18: 0.0567 | FD18: 0.0596 | FE18: 0.0571 | FF18: 0.0491 | FG18: 0.0601 | FH18: 0.0576 | FI18: 0.0576 | FJ18: 0.0657 | FK18: 0.0647 | FL18: 0.063 | FM18: 0.0616 | FN18: 0.062 | FO18: 0.0629 | FP18: 0.0651 | FQ18: 0.0581 | FR18: 0.0584 | FS18: 0.0626 | FT18: 0.0656 | FU18: 0.0641 | FV18: 0.0648 | FW18: 0.0689 | FX18: 0.0692 | FY18: 0.0674 | FZ18: 0.0613 | GA18: 0.0615 | GB18: 0.0629 | GC18: 0.0596 | GD18: 0.0576 | GE18: 0.0724 | GF18: 0.0728 | GG18: 0.0633 | GH18: 0.0535 | GI18: 0.0515 | GJ18: 0.0502 | GK18: 0.0527 | GL18: 0.0448 | GM18: 0.0513 | GN18: 0.0478 | GO18: 0.0392 | GP18: 0.0443 | GQ18: 0.0496 | GR18: 0.0509 | GS18: 0.0418 | GT18: 0.05 | GU18: 0.0493 | GV18: 0.0521 | GW18: 0.0546 | GX18: 0.0461 | GY18: 0.0504 | GZ18: 0.0534 | HA18: 0.041 | HB18: 0.0477 | HC18: 0.067 | HD18: 0.0699 | HE18: 0.071 | HF18: 0.0794 | HG18: 0.0839 | HH18: 0.0946 | HI18: 0.1007 | HJ18: 0.0891 | HK18: 0.1017 | HL18: 0.1095 | HM18: 0.0839 | HN18: 0.0909 | HO18: 0.1061 | HP18: 0.1021 | HQ18: 0.0982 | HR18: 0.1039 | HS18: 0.1082 | HT18: 0.1086 | HU18: 0.1112 | HV18: 0.0978 | HW18: 0.105 | HX18: 0.1057 | HY18: 0.084 | HZ18: 0.0932 | IA18: 0.1057 | IB18: 0.1096 | IC18: 0.1041 | ID18: 0.1133 | IE18: 0.1153 | IF18: 0.1155 | IG18: 0.1176 | IH18: 0.108 | II18: 0.1125 | IJ18: 0.1108 | IK18: 0.0967 | IL18: 0.0958 | IM18: 0.1121 | IN18: 0.1115 | IO18: 0.1131 | IP18: 0.1092 | IQ18: 0.1098 | IR18: 0.1093 | IS18: 0.1088 | IT18: 0.1068 | IU18: 0.1078 | IV18: 0.1046 | IW18: 0.0898 | IX18: 0.09 | IY18: 0.1049 | IZ18: 0.1014 | JA18: 0.0952 | JB18: 0.0985 | JC18: 0.0967 | JD18: 0.0984 | JE18: 0.0971
D19: stopa stała powyżej 5 lat | E19: 17 | F19: M_7;AC:A,BCS:2250,BI:A2B,BRS:S1,CT:PLN,DTM:R,F:M,IBC:N,MO:J,RA:PL | G19: 0.1257 | H19: 0.1531 | I19: 0.1553 | J19: 0.1493 | K19: 0.15 | L19: 0.1759 | M19: 0.182 | N19: 0.1822 | O19: 0.1797 | P19: 0.1709 | Q19: 0.1644 | R19: 0.1716 | S19: 0.174 | T19: 0.1595 | U19: 0.1622 | V19: 0.1665 | W19: 0.1492 | X19: 0.156 | Y19: 0.1603 | Z19: 0.1573 | AA19: 0.1596 | AB19: 0.1606 | AC19: 0.1791 | AD19: 0.1705 | AE19: 0.1776 | AF19: 0.1611 | AG19: 0.1672 | AH19: 0.1628 | AI19: 0.1718 | AJ19: 0.1818 | AK19: 0.1896 | AL19: 0.1902 | AM19: 0.1759 | AN19: 0.1776 | AO19: 0.1786 | AP19: 0.1776 | AQ19: 0.1676 | AR19: 0.1641 | AS19: 0.17 | AT19: 0.1745 | AU19: 0.1738 | AV19: 0.1745 | AW19: 0.1752 | AX19: 0.1795 | AY19: 0.1786 | AZ19: 0.1772 | BA19: 0.1733 | BB19: 0.1767 | BC19: 0.1713 | BD19: 0.1742 | BE19: 0.1649 | BF19: 0.1704 | BG19: 0.1755 | BH19: 0.1745 | BI19: 0.1696 | BJ19: 0.1742 | BK19: 0.1756 | BL19: 0.1725 | BM19: 0.1706 | BN19: 0.1888 | BO19: 0.1811 | BP19: 0.1835 | BQ19: 0.1886 | BR19: 0.188 | BS19: 0.1905 | BT19: 0.1922 | BU19: 0.1935 | BV19: 0.1945 | BW19: 0.1852 | BX19: 0.1867 | BY19: 0.1729 | BZ19: 0.1705 | CA19: 0.1717 | CB19: 0.1727 | CC19: 0.1749 | CD19: 0.1745 | CE19: 0.1748 | CF19: 0.1727 | CG19: 0.1699 | CH19: 0.165 | CI19: 0.1611 | CJ19: 0.1735 | CK19: 0.1686 | CL19: 0.1693 | CM19: 0.1748 | CN19: 0.1738 | CO19: 0.1655 | CP19: 0.1705 | CQ19: 0.1754 | CR19: 0.1734 | CS19: 0.1738 | CT19: 0.1716 | CU19: 0.1678 | CV19: 0.1752 | CW19: 0.1706 | CX19: 0.1704 | CY19: 0.171 | CZ19: 0.1714 | DA19: 0.1665 | DB19: 0.1677 | DC19: 0.1656 | DD19: 0.1529 | DE19: 0.1471 | DF19: 0.1451 | DG19: 0.146 | DH19: 0.15 | DI19: 0.143 | DJ19: 0.1408 | DK19: 0.1409 | DL19: 0.1441 | DM19: 0.1464 | DN19: 0.1463 | DO19: 0.1474 | DP19: 0.1447 | DQ19: 0.1456 | DR19: 0.1364 | DS19: 0.1275 | DT19: 0.1204 | DU19: 0.106 | DV19: 0.102 | DW19: 0.098 | DX19: 0.0963 | DY19: 0.0855 | DZ19: 0.0858 | EA19: 0.0791 | EB19: 0.0835 | EC19: 0.0843 | ED19: 0.0783 | EE19: 0.0734 | EF19: 0.0794 | EG19: 0.0795 | EH19: 0.0793 | EI19: 0.0796 | EJ19: 0.0771 | EK19: 0.0758 | EL19: 0.0765 | EM19: 0.0761 | EN19: 0.0794 | EO19: 0.0756 | EP19: 0.0754 | EQ19: 0.0756 | ER19: 0.0784 | ES19: 0.0806 | ET19: 0.0844 | EU19: 0.0831 | EV19: 0.0831 | EW19: 0.0819 | EX19: 0.0807 | EY19: 0.083 | EZ19: 0.0829 | FA19: 0.0828 | FB19: 0.0823 | FC19: 0.0818 | FD19: 0.0842 | FE19: 0.0844 | FF19: 0.0865 | FG19: 0.0863 | FH19: 0.0865 | FI19: 0.0871 | FJ19: 0.0866 | FK19: 0.0872 | FL19: 0.0866 | FM19: 0.0862 | FN19: 0.0872 | FO19: 0.0878 | FP19: 0.0873 | FQ19: 0.0877 | FR19: 0.0893 | FS19: 0.0875 | FT19: 0.0873 | FU19: 0.0858 | FV19: 0.0862 | FW19: 0.0857 | FX19: 0.0864 | FY19: 0.087 | FZ19: 0.0864 | GA19: 0.0864 | GB19: 0.0872 | GC19: 0.0902 | GD19: 0.0934 | GE19: 0.0914 | GF19: 0.0916 | GG19: 0.0864 | GH19: 0.0764 | GI19: 0.0718 | GJ19: 0.0679 | GK19: 0.0696 | GL19: 0.0697 | GM19: 0.0698 | GN19: 0.0694 | GO19: 0.0687 | GP19: 0.0694 | GQ19: 0.0692 | GR19: 0.0691 | GS19: 0.0686 | GT19: 0.0674 | GU19: 0.0691 | GV19: 0.0696 | GW19: 0.0695 | GX19: 0.0693 | GY19: 0.0694 | GZ19: 0.07 | HA19: 0.0776 | HB19: 0.0863 | HC19: 0.0903 | HD19: 0.0928 | HE19: 0.0963 | HF19: 0.1032 | HG19: 0.1122 | HH19: 0.1203 | HI19: 0.1245 | HJ19: 0.1301 | HK19: 0.1295 | HL19: 0.1337 | HM19: 0.1357 | HN19: 0.1363 | HO19: 0.1299 | HP19: 0.1297 | HQ19: 0.131 | HR19: 0.132 | HS19: 0.1336 | HT19: 0.1347 | HU19: 0.1344 | HV19: 0.1346 | HW19: 0.1323 | HX19: 0.1306 | HY19: 0.1313 | HZ19: 0.1329 | IA19: 0.1344 | IB19: 0.1343 | IC19: 0.1345 | ID19: 0.1381 | IE19: 0.141 | IF19: 0.1407 | IG19: 0.1419 | IH19: 0.142 | II19: 0.1403 | IJ19: 0.1372 | IK19: 0.1377 | IL19: 0.1391 | IM19: 0.1358 | IN19: 0.1345 | IO19: 0.1352 | IP19: 0.1352 | IQ19: 0.1328 | IR19: 0.1316 | IS19: 0.1308 | IT19: 0.1301 | IU19: 0.128 | IV19: 0.1263 | IW19: 0.1249 | IX19: 0.124 | IY19: 0.1232 | IZ19: 0.1195 | JA19: 0.1157 | JB19: 0.1145 | JC19: 0.1124 | JD19: 0.1145 | JE19: 0.1111
D20: ogółem | E20: 18 | F20: M_7;AC:A,BCS:2250,BI:A2B,BRS:S1,CT:PLN,DTM:R,F:M,IBC:N,MO:A,RA:PL | G20: 0.1327 | H20: 0.1253 | I20: 0.1289 | J20: 0.1248 | K20: 0.1301 | L20: 0.1276 | M20: 0.1232 | N20: 0.1231 | O20: 0.1243 | P20: 0.1246 | Q20: 0.1236 | R20: 0.1154 | S20: 0.1211 | T20: 0.1236 | U20: 0.1283 | V20: 0.1309 | W20: 0.1316 | X20: 0.1297 | Y20: 0.1242 | Z20: 0.1233 | AA20: 0.1254 | AB20: 0.1294 | AC20: 0.1287 | AD20: 0.1253 | AE20: 0.1374 | AF20: 0.1347 | AG20: 0.1308 | AH20: 0.1304 | AI20: 0.1344 | AJ20: 0.1334 | AK20: 0.1372 | AL20: 0.1354 | AM20: 0.1326 | AN20: 0.1354 | AO20: 0.1351 | AP20: 0.1297 | AQ20: 0.1379 | AR20: 0.1401 | AS20: 0.1417 | AT20: 0.1473 | AU20: 0.1516 | AV20: 0.1501 | AW20: 0.1531 | AX20: 0.1525 | AY20: 0.1521 | AZ20: 0.1546 | BA20: 0.1543 | BB20: 0.1483 | BC20: 0.1547 | BD20: 0.1536 | BE20: 0.1563 | BF20: 0.1599 | BG20: 0.1583 | BH20: 0.158 | BI20: 0.1602 | BJ20: 0.1597 | BK20: 0.1588 | BL20: 0.1546 | BM20: 0.1541 | BN20: 0.1514 | BO20: 0.1556 | BP20: 0.1556 | BQ20: 0.1563 | BR20: 0.1584 | BS20: 0.1602 | BT20: 0.1602 | BU20: 0.1562 | BV20: 0.1548 | BW20: 0.1518 | BX20: 0.1492 | BY20: 0.1493 | BZ20: 0.1486 | CA20: 0.1509 | CB20: 0.1558 | CC20: 0.1554 | CD20: 0.1535 | CE20: 0.1555 | CF20: 0.1593 | CG20: 0.157 | CH20: 0.1555 | CI20: 0.151 | CJ20: 0.1559 | CK20: 0.1516 | CL20: 0.152 | CM20: 0.1608 | CN20: 0.1586 | CO20: 0.1569 | CP20: 0.1607 | CQ20: 0.1614 | CR20: 0.1462 | CS20: 0.161 | CT20: 0.1645 | CU20: 0.1624 | CV20: 0.1672 | CW20: 0.1662 | CX20: 0.1601 | CY20: 0.1619 | CZ20: 0.1575 | DA20: 0.1614 | DB20: 0.1542 | DC20: 0.1574 | DD20: 0.1471 | DE20: 0.1459 | DF20: 0.1421 | DG20: 0.1389 | DH20: 0.1388 | DI20: 0.1342 | DJ20: 0.1305 | DK20: 0.1324 | DL20: 0.135 | DM20: 0.1352 | DN20: 0.1358 | DO20: 0.1352 | DP20: 0.136 | DQ20: 0.1337 | DR20: 0.1297 | DS20: 0.125 | DT20: 0.1097 | DU20: 0.1014 | DV20: 0.0945 | DW20: 0.0972 | DX20: 0.0972 | DY20: 0.0861 | DZ20: 0.086 | EA20: 0.0842 | EB20: 0.0848 | EC20: 0.0857 | ED20: 0.0832 | EE20: 0.0812 | EF20: 0.0825 | EG20: 0.0815 | EH20: 0.0804 | EI20: 0.082 | EJ20: 0.0815 | EK20: 0.0812 | EL20: 0.0819 | EM20: 0.0802 | EN20: 0.0807 | EO20: 0.0779 | EP20: 0.0779 | EQ20: 0.0778 | ER20: 0.0779 | ES20: 0.0773 | ET20: 0.0751 | EU20: 0.0777 | EV20: 0.078 | EW20: 0.0773 | EX20: 0.0768 | EY20: 0.0788 | EZ20: 0.0784 | FA20: 0.0782 | FB20: 0.0785 | FC20: 0.0767 | FD20: 0.0775 | FE20: 0.0763 | FF20: 0.0722 | FG20: 0.0778 | FH20: 0.0781 | FI20: 0.0784 | FJ20: 0.0802 | FK20: 0.0804 | FL20: 0.0804 | FM20: 0.0801 | FN20: 0.0795 | FO20: 0.0804 | FP20: 0.0797 | FQ20: 0.0772 | FR20: 0.0778 | FS20: 0.081 | FT20: 0.0816 | FU20: 0.0817 | FV20: 0.0807 | FW20: 0.0812 | FX20: 0.0816 | FY20: 0.0815 | FZ20: 0.0802 | GA20: 0.0798 | GB20: 0.0802 | GC20: 0.0794 | GD20: 0.0775 | GE20: 0.0835 | GF20: 0.0842 | GG20: 0.0799 | GH20: 0.069 | GI20: 0.0651 | GJ20: 0.0632 | GK20: 0.065 | GL20: 0.0624 | GM20: 0.0649 | GN20: 0.0645 | GO20: 0.0613 | GP20: 0.0626 | GQ20: 0.0656 | GR20: 0.0659 | GS20: 0.0637 | GT20: 0.0662 | GU20: 0.066 | GV20: 0.0664 | GW20: 0.0666 | GX20: 0.0639 | GY20: 0.0651 | GZ20: 0.0685 | HA20: 0.0689 | HB20: 0.0754 | HC20: 0.0872 | HD20: 0.0899 | HE20: 0.0924 | HF20: 0.097 | HG20: 0.1025 | HH20: 0.1091 | HI20: 0.1131 | HJ20: 0.1118 | HK20: 0.1172 | HL20: 0.1183 | HM20: 0.1113 | HN20: 0.1159 | HO20: 0.1208 | HP20: 0.1196 | HQ20: 0.1189 | HR20: 0.1211 | HS20: 0.1226 | HT20: 0.123 | HU20: 0.1225 | HV20: 0.1183 | HW20: 0.1202 | HX20: 0.1201 | HY20: 0.1117 | HZ20: 0.1149 | IA20: 0.1187 | IB20: 0.1189 | IC20: 0.1169 | ID20: 0.1206 | IE20: 0.1227 | IF20: 0.1225 | IG20: 0.1322 | IH20: 0.1266 | II20: 0.1262 | IJ20: 0.1245 | IK20: 0.1179 | IL20: 0.1162 | IM20: 0.1234 | IN20: 0.1226 | IO20: 0.1222 | IP20: 0.1211 | IQ20: 0.1208 | IR20: 0.1203 | IS20: 0.1172 | IT20: 0.1154 | IU20: 0.1154 | IV20: 0.1136 | IW20: 0.1054 | IX20: 0.1037 | IY20: 0.1098 | IZ20: 0.1081 | JA20: 0.1045 | JB20: 0.1049 | JC20: 0.1043 | JD20: 0.1042 | JE20: 0.1028
D21: rzeczywista stopa procentowa | E21: 19 | F21: M_7;AC:A,BCS:2250,BI:A2B,BRS:S1,CT:PLN,DTM:C,F:M,IBC:N,MO:A,RA:PL | G21: 0.2415 | H21: 0.2301 | I21: 0.231 | J21: 0.2266 | K21: 0.2318 | L21: 0.2254 | M21: 0.222 | N21: 0.2293 | O21: 0.2272 | P21: 0.2296 | Q21: 0.2231 | R21: 0.2075 | S21: 0.1988 | T21: 0.2008 | U21: 0.1893 | V21: 0.1884 | W21: 0.1886 | X21: 0.1868 | Y21: 0.19 | Z21: 0.1914 | AA21: 0.1909 | AB21: 0.1915 | AC21: 0.1989 | AD21: 0.1991 | AE21: 0.2169 | AF21: 0.2154 | AG21: 0.2152 | AH21: 0.2089 | AI21: 0.2144 | AJ21: 0.2102 | AK21: 0.2145 | AL21: 0.2169 | AM21: 0.2117 | AN21: 0.2181 | AO21: 0.2158 | AP21: 0.2023 | AQ21: 0.21 | AR21: 0.2141 | AS21: 0.217 | AT21: 0.2197 | AU21: 0.2234 | AV21: 0.2206 | AW21: 0.2257 | AX21: 0.2292 | AY21: 0.2307 | AZ21: 0.2342 | BA21: 0.232 | BB21: 0.2255 | BC21: 0.2315 | BD21: 0.2302 | BE21: 0.2257 | BF21: 0.2305 | BG21: 0.2288 | BH21: 0.2269 | BI21: 0.2298 | BJ21: 0.2276 | BK21: 0.227 | BL21: 0.2208 | BM21: 0.2207 | BN21: 0.2177 | BO21: 0.2227 | BP21: 0.2175 | BQ21: 0.2143 | BR21: 0.2165 | BS21: 0.2202 | BT21: 0.2217 | BU21: 0.2194 | BV21: 0.2192 | BW21: 0.2135 | BX21: 0.2096 | BY21: 0.2102 | BZ21: 0.2125 | CA21: 0.2179 | CB21: 0.2216 | CC21: 0.222 | CD21: 0.224 | CE21: 0.2257 | CF21: 0.2194 | CG21: 0.2152 | CH21: 0.2191 | CI21: 0.2155 | CJ21: 0.2161 | CK21: 0.2102 | CL21: 0.2125 | CM21: 0.2244 | CN21: 0.2226 | CO21: 0.2161 | CP21: 0.2197 | CQ21: 0.2219 | CR21: 0.2049 | CS21: 0.2236 | CT21: 0.2302 | CU21: 0.228 | CV21: 0.2313 | CW21: 0.2305 | CX21: 0.222 | CY21: 0.2222 | CZ21: 0.2186 | DA21: 0.2135 | DB21: 0.2162 | DC21: 0.2111 | DD21: 0.2043 | DE21: 0.2041 | DF21: 0.2076 | DG21: 0.207 | DH21: 0.2018 | DI21: 0.1974 | DJ21: 0.1986 | DK21: 0.1981 | DL21: 0.1989 | DM21: 0.2003 | DN21: 0.2031 | DO21: 0.2008 | DP21: 0.1999 | DQ21: 0.199 | DR21: 0.1981 | DS21: 0.1938 | DT21: 0.1757 | DU21: 0.176 | DV21: 0.1683 | DW21: 0.1662 | DX21: 0.1651 | DY21: 0.1555 | DZ21: 0.1558 | EA21: 0.1536 | EB21: 0.1542 | EC21: 0.1591 | ED21: 0.1565 | EE21: 0.152 | EF21: 0.1529 | EG21: 0.1503 | EH21: 0.1529 | EI21: 0.1532 | EJ21: 0.1517 | EK21: 0.1499 | EL21: 0.1498 | EM21: 0.1473 | EN21: 0.149 | EO21: 0.1559 | EP21: 0.1558 | EQ21: 0.155 | ER21: 0.157 | ES21: 0.1524 | ET21: 0.1493 | EU21: 0.1477 | EV21: 0.1452 | EW21: 0.1428 | EX21: 0.1425 | EY21: 0.1472 | EZ21: 0.1458 | FA21: 0.1482 | FB21: 0.1476 | FC21: 0.1445 | FD21: 0.1414 | FE21: 0.1375 | FF21: 0.1341 | FG21: 0.138 | FH21: 0.1377 | FI21: 0.1368 | FJ21: 0.1392 | FK21: 0.1392 | FL21: 0.139 | FM21: 0.1404 | FN21: 0.1377 | FO21: 0.1372 | FP21: 0.1369 | FQ21: 0.132 | FR21: 0.1365 | FS21: 0.136 | FT21: 0.135 | FU21: 0.1349 | FV21: 0.1351 | FW21: 0.1356 | FX21: 0.1371 | FY21: 0.137 | FZ21: 0.134 | GA21: 0.1325 | GB21: 0.1325 | GC21: 0.126 | GD21: 0.1257 | GE21: 0.1301 | GF21: 0.1299 | GG21: 0.1235 | GH21: 0.1117 | GI21: 0.1102 | GJ21: 0.1114 | GK21: 0.1208 | GL21: 0.1159 | GM21: 0.1185 | GN21: 0.1126 | GO21: 0.1057 | GP21: 0.1097 | GQ21: 0.1139 | GR21: 0.113 | GS21: 0.1062 | GT21: 0.1083 | GU21: 0.1076 | GV21: 0.1098 | GW21: 0.1121 | GX21: 0.1055 | GY21: 0.1049 | GZ21: 0.108 | HA21: 0.1049 | HB21: 0.1124 | HC21: 0.1279 | HD21: 0.1292 | HE21: 0.1291 | HF21: 0.1347 | HG21: 0.1443 | HH21: 0.1505 | HI21: 0.1549 | HJ21: 0.1515 | HK21: 0.158 | HL21: 0.1598 | HM21: 0.1483 | HN21: 0.1546 | HO21: 0.1612 | HP21: 0.1576 | HQ21: 0.1551 | HR21: 0.1603 | HS21: 0.1636 | HT21: 0.1604 | HU21: 0.1625 | HV21: 0.1563 | HW21: 0.1559 | HX21: 0.1553 | HY21: 0.1416 | HZ21: 0.1453 | IA21: 0.1517 | IB21: 0.1494 | IC21: 0.1453 | ID21: 0.1503 | IE21: 0.1523 | IF21: 0.1518 | IG21: 0.1458 | IH21: 0.1384 | II21: 0.1373 | IJ21: 0.1356 | IK21: 0.127 | IL21: 0.1253 | IM21: 0.1322 | IN21: 0.1317 | IO21: 0.1317 | IP21: 0.1309 | IQ21: 0.1311 | IR21: 0.1304 | IS21: 0.1269 | IT21: 0.1255 | IU21: 0.1251 | IV21: 0.1236 | IW21: 0.1147 | IX21: 0.1128 | IY21: 0.1202 | IZ21: 0.1172 | JA21: 0.1135 | JB21: 0.1138 | JC21: 0.1122 | JD21: 0.1125 | JE21: 0.1116
C22: Kredyty na nieruchomości mieszkaniowe | D22: stopa zmienna i stała do 3 miesięcy włącznie | E22: 20 | F22: M_7;AC:A,BCS:2250,BI:A2C,BRS:S1,CT:PLN,DTM:R,F:M,IBC:N,MO:D,RA:PL | G22: 0.0839 | H22: 0.0821 | I22: 0.0821 | J22: 0.0747 | K22: 0.0766 | L22: 0.0681 | M22: 0.0645 | N22: 0.0649 | O22: 0.0618 | P22: 0.0631 | Q22: 0.0617 | R22: 0.0629 | S22: 0.0613 | T22: 0.059 | U22: 0.058 | V22: 0.0569 | W22: 0.0566 | X22: 0.0568 | Y22: 0.0574 | Z22: 0.0575 | AA22: 0.0571 | AB22: 0.0564 | AC22: 0.0564 | AD22: 0.056 | AE22: 0.0558 | AF22: 0.0554 | AG22: 0.0558 | AH22: 0.0574 | AI22: 0.057 | AJ22: 0.0582 | AK22: 0.0599 | AL22: 0.0628 | AM22: 0.0637 | AN22: 0.0657 | AO22: 0.0665 | AP22: 0.0687 | AQ22: 0.0697 | AR22: 0.0719 | AS22: 0.0743 | AT22: 0.0776 | AU22: 0.0781 | AV22: 0.0802 | AW22: 0.0834 | AX22: 0.0847 | AY22: 0.0862 | AZ22: 0.0869 | BA22: 0.0886 | BB22: 0.088 | BC22: 0.0866 | BD22: 0.075 | BE22: 0.0718 | BF22: 0.0702 | BG22: 0.0714 | BH22: 0.0723 | BI22: 0.073 | BJ22: 0.074 | BK22: 0.076 | BL22: 0.0729 | BM22: 0.071 | BN22: 0.0701 | BO22: 0.0702 | BP22: 0.0699 | BQ22: 0.0714 | BR22: 0.0699 | BS22: 0.0673 | BT22: 0.0671 | BU22: 0.0662 | BV22: 0.0642 | BW22: 0.064 | BX22: 0.0641 | BY22: 0.0625 | BZ22: 0.0619 | CA22: 0.0608 | CB22: 0.0622 | CC22: 0.0638 | CD22: 0.0637 | CE22: 0.0649 | CF22: 0.066 | CG22: 0.0677 | CH22: 0.0671 | CI22: 0.0674 | CJ22: 0.0681 | CK22: 0.0686 | CL22: 0.0695 | CM22: 0.0693 | CN22: 0.07 | CO22: 0.0691 | CP22: 0.0694 | CQ22: 0.0691 | CR22: 0.0704 | CS22: 0.0708 | CT22: 0.0709 | CU22: 0.0704 | CV22: 0.0693 | CW22: 0.0682 | CX22: 0.0658 | CY22: 0.0633 | CZ22: 0.0617 | DA22: 0.0597 | DB22: 0.057 | DC22: 0.0542 | DD22: 0.0513 | DE22: 0.0502 | DF22: 0.0507 | DG22: 0.0511 | DH22: 0.0509 | DI22: 0.0509 | DJ22: 0.0511 | DK22: 0.0517 | DL22: 0.0515 | DM22: 0.0519 | DN22: 0.0524 | DO22: 0.0531 | DP22: 0.0535 | DQ22: 0.0538 | DR22: 0.0537 | DS22: 0.0527 | DT22: 0.0493 | DU22: 0.0485 | DV22: 0.0481 | DW22: 0.0483 | DX22: 0.0468 | DY22: 0.0449 | DZ22: 0.0435 | EA22: 0.0436 | EB22: 0.0436 | EC22: 0.0442 | ED22: 0.0443 | EE22: 0.0445 | EF22: 0.0448 | EG22: 0.0445 | EH22: 0.0452 | EI22: 0.0457 | EJ22: 0.0463 | EK22: 0.0464 | EL22: 0.0474 | EM22: 0.0464 | EN22: 0.046 | EO22: 0.0457 | EP22: 0.0454 | EQ22: 0.0451 | ER22: 0.0456 | ES22: 0.0449 | ET22: 0.0452 | EU22: 0.0449 | EV22: 0.0457 | EW22: 0.0449 | EX22: 0.0447 | EY22: 0.0451 | EZ22: 0.0443 | FA22: 0.0442 | FB22: 0.0444 | FC22: 0.045 | FD22: 0.0452 | FE22: 0.0452 | FF22: 0.0451 | FG22: 0.0448 | FH22: 0.0452 | FI22: 0.0441 | FJ22: 0.0445 | FK22: 0.0444 | FL22: 0.0444 | FM22: 0.0445 | FN22: 0.0445 | FO22: 0.0449 | FP22: 0.0451 | FQ22: 0.0451 | FR22: 0.0448 | FS22: 0.0447 | FT22: 0.0448 | FU22: 0.044 | FV22: 0.0442 | FW22: 0.0439 | FX22: 0.0437 | FY22: 0.0443 | FZ22: 0.044 | GA22: 0.0444 | GB22: 0.0446 | GC22: 0.0444 | GD22: 0.0441 | GE22: 0.0444 | GF22: 0.0444 | GG22: 0.0431 | GH22: 0.0396 | GI22: 0.037 | GJ22: 0.0328 | GK22: 0.0325 | GL22: 0.0306 | GM22: 0.0301 | GN22: 0.0291 | GO22: 0.0292 | GP22: 0.0293 | GQ22: 0.0296 | GR22: 0.0291 | GS22: 0.029 | GT22: 0.0287 | GU22: 0.0291 | GV22: 0.0293 | GW22: 0.0288 | GX22: 0.0287 | GY22: 0.0291 | GZ22: 0.0308 | HA22: 0.0356 | HB22: 0.0453 | HC22: 0.0509 | HD22: 0.0545 | HE22: 0.0616 | HF22: 0.0667 | HG22: 0.0696 | HH22: 0.0818 | HI22: 0.0897 | HJ22: 0.093 | HK22: 0.0944 | HL22: 0.0949 | HM22: 0.0961 | HN22: 0.0949 | HO22: 0.0942 | HP22: 0.0926 | HQ22: 0.0921 | HR22: 0.0928 | HS22: 0.0915 | HT22: 0.0911 | HU22: 0.0918 | HV22: 0.0918 | HW22: 0.0892 | HX22: 0.0836 | HY22: 0.0813 | HZ22: 0.0781 | IA22: 0.0801 | IB22: 0.079 | IC22: 0.0803 | ID22: 0.0793 | IE22: 0.0791 | IF22: 0.0791 | IG22: 0.0794 | IH22: 0.0796 | II22: 0.0784 | IJ22: 0.079 | IK22: 0.0788 | IL22: 0.079 | IM22: 0.078 | IN22: 0.078 | IO22: 0.0788 | IP22: 0.078 | IQ22: 0.0758 | IR22: 0.0725 | IS22: 0.0718 | IT22: 0.0715 | IU22: 0.0697 | IV22: 0.0674 | IW22: 0.0657 | IX22: 0.0633 | IY22: 0.0601 | IZ22: 0.0594 | JA22: 0.0571 | JB22: 0.0567 | JC22: 0.0569 | JD22: 0.0573 | JE22: 0.0569
D23: stopa stała od 3 miesięcy do 1 roku włącznie | E23: 21 | F23: M_7;AC:A,BCS:2250,BI:A2C,BRS:S1,CT:PLN,DTM:R,F:M,IBC:N,MO:Q,RA:PL | G23: 0.0842 | H23: 0.0829 | I23: 0.0763 | J23: 0.0707 | K23: 0.068 | L23: 0.0643 | M23: 0.059 | N23: 0.0615 | O23: 0.0597 | P23: 0.0612 | Q23: 0.0611 | R23: 0.061 | S23: 0.0594 | T23: 0.0574 | U23: 0.0553 | V23: 0.0567 | W23: 0.0558 | X23: 0.056 | Y23: 0.0572 | Z23: 0.0568 | AA23: 0.0582 | AB23: 0.0589 | AC23: 0.0584 | AD23: 0.0578 | AE23: 0.0567 | AF23: 0.0568 | AG23: 0.0572 | AH23: 0.0583 | AI23: 0.0591 | AJ23: 0.0612 | AK23: 0.0627 | AL23: 0.0643 | AM23: 0.0665 | AN23: 0.0659 | AO23: 0.0698 | AP23: 0.0716 | AQ23: 0.0726 | AR23: 0.0722 | AS23: 0.0746 | AT23: 0.0744 | AU23: 0.076 | AV23: 0.0793 | AW23: 0.0793 | AX23: 0.0807 | AY23: 0.0803 | AZ23: 0.0828 | BA23: 0.083 | BB23: 0.0799 | BC23: 0.0758 | BD23: 0.0685 | BE23: 0.0653 | BF23: 0.0669 | BG23: 0.0725 | BH23: 0.0738 | BI23: 0.0711 | BJ23: 0.0674 | BK23: 0.0681 | BL23: 0.0677 | BM23: 0.067 | BN23: 0.0685 | BO23: 0.0678 | BP23: 0.0678 | BQ23: 0.0658 | BR23: 0.0646 | BS23: 0.0628 | BT23: 0.0623 | BU23: 0.0604 | BV23: 0.0597 | BW23: 0.0583 | BX23: 0.0575 | BY23: 0.0575 | BZ23: 0.0588 | CA23: np. | CB23: np. | CC23: np. | CD23: np. | CE23: np. | CF23: np. | CG23: np. | CH23: np. | CI23: np. | CJ23: np. | CK23: np. | CL23: np. | CM23: np. | CN23: np. | CO23: np. | CP23: np. | CQ23: np. | CR23: np. | CS23: np. | CT23: np. | CU23: np. | CV23: np. | CW23: np. | CX23: np. | CY23: np. | CZ23: np. | DA23: np. | DB23: np. | DC23: np. | DD23: np. | DE23: np. | DF23: np. | DG23: np. | DH23: 0.0591 | DI23: 0.0602 | DJ23: np. | DK23: np. | DL23: np. | DM23: np. | DN23: np. | DO23: np. | DP23: np. | DQ23: np. | DR23: np. | DS23: np. | DT23: np. | DU23: 0.0426 | DV23: np. | DW23: np. | DX23: np. | DY23: np. | DZ23: np. | EA23: np. | EB23: np. | EC23: np. | ED23: np. | EE23: np. | EF23: np. | EG23: np. | EH23: np. | EI23: np. | EJ23: np. | EK23: np. | EL23: np. | EM23: np. | EN23: np. | EO23: np. | EP23: np. | EQ23: np. | ER23: np. | ES23: np. | ET23: np. | EU23: np. | EV23: np. | EW23: np. | EX23: np. | EY23: np. | EZ23: np. | FA23: np. | FB23: np. | FC23: np. | FD23: np. | FE23: np. | FF23: np. | FG23: np. | FH23: np. | FI23: np. | FJ23: np. | FK23: np. | FL23: np. | FM23: np. | FN23: np. | FO23: np. | FP23: np. | FQ23: np. | FR23: np. | FS23: np. | FT23: np. | FU23: np. | FV23: np. | FW23: np. | FX23: np. | FY23: np. | FZ23: np. | GA23: np. | GB23: np. | GC23: np. | GD23: np. | GE23: np. | GF23: np. | GG23: np. | GH23: np. | GI23: np. | GJ23: 0.027 | GK23: np. | GL23: np. | GM23: np. | GN23: np. | GO23: np. | GP23: np. | GQ23: np. | GR23: np. | GS23: np. | GT23: np. | GU23: np. | GV23: np. | GW23: np. | GX23: np. | GY23: np. | GZ23: np. | HA23: np. | HB23: np. | HC23: np. | HD23: np. | HE23: np. | HF23: 0.0788 | HG23: 0.0895 | HH23: 0.0924 | HI23: 0.0958 | HJ23: 0.0963 | HK23: 0.0944 | HL23: 0.0946 | HM23: 0.0968 | HN23: 0.0936 | HO23: 0.0905 | HP23: np. | HQ23: np. | HR23: np. | HS23: np. | HT23: np. | HU23: np. | HV23: np. | HW23: np. | HX23: np. | HY23: np. | HZ23: np. | IA23: np. | IB23: np. | IC23: np. | ID23: np. | IE23: np. | IF23: np. | IG23: np. | IH23: np. | II23: np. | IJ23: np. | IK23: np. | IL23: np. | IM23: 0.0816 | IN23: 0.0816 | IO23: 0.081 | IP23: 0.0772 | IQ23: 0.0737 | IR23: 0.0728 | IS23: np. | IT23: np. | IU23: np. | IV23: np. | IW23: np. | IX23: np. | IY23: np. | IZ23: np. | JA23: np. | JB23: np. | JC23: np. | JD23: 0.0581 | JE23: np.
D24: stopa stała powyżej 1 roku | E24: 22 | F24: M_7;AC:A,BCS:2250,BI:A2C,BRS:S1,CT:PLN,DTM:R,F:M,IBC:N,MO:K,RA:PL | G24: 0.0983 | H24: 0.0857 | I24: 0.0904 | J24: 0.083 | K24: 0.0868 | L24: 0.0713 | M24: 0.076 | N24: 0.0738 | O24: 0.0771 | P24: 0.0701 | Q24: 0.057 | R24: 0.0655 | S24: 0.0632 | T24: 0.0642 | U24: 0.0761 | V24: - | W24: 0.0658 | X24: - | Y24: - | Z24: 0.0723 | AA24: 0.077 | AB24: 0.0716 | AC24: 0.0711 | AD24: 0.0648 | AE24: 0.0636 | AF24: 0.0599 | AG24: 0.0594 | AH24: 0.0712 | AI24: 0.0719 | AJ24: 0.07 | AK24: 0.0742 | AL24: 0.0728 | AM24: 0.0775 | AN24: 0.0765 | AO24: 0.0762 | AP24: 0.0792 | AQ24: 0.0743 | AR24: 0.0781 | AS24: 0.0806 | AT24: 0.0799 | AU24: 0.0796 | AV24: 0.086 | AW24: 0.0803 | AX24: 0.0787 | AY24: 0.0785 | AZ24: 0.0801 | BA24: 0.0769 | BB24: 0.073 | BC24: 0.086 | BD24: 0.0844 | BE24: 0.0704 | BF24: 0.0766 | BG24: 0.0758 | BH24: 0.0529 | BI24: 0.0565 | BJ24: - | BK24: 0.0775 | BL24: 0.0632 | BM24: 0.0775 | BN24: 0.0795 | BO24: 0.0783 | BP24: 0.0795 | BQ24: 0.0722 | BR24: 0.0799 | BS24: 0.0732 | BT24: - | BU24: 0.02 | BV24: - | BW24: 0.0197 | BX24: - | BY24: 0.0341 | BZ24: 0.0776 | CA24: np. | CB24: - | CC24: np. | CD24: np. | CE24: np. | CF24: np. | CG24: - | CH24: - | CI24: - | CJ24: np. | CK24: - | CL24: - | CM24: - | CN24: - | CO24: - | CP24: - | CQ24: - | CR24: - | CS24: - | CT24: - | CU24: - | CV24: - | CW24: np. | CX24: - | CY24: - | CZ24: np. | DA24: np. | DB24: - | DC24: np. | DD24: np. | DE24: np. | DF24: - | DG24: np. | DH24: - | DI24: np. | DJ24: np. | DK24: - | DL24: - | DM24: - | DN24: np. | DO24: np. | DP24: np. | DQ24: np. | DR24: np. | DS24: np. | DT24: np. | DU24: np. | DV24: np. | DW24: np. | DX24: np. | DY24: np. | DZ24: np. | EA24: np. | EB24: np. | EC24: np. | ED24: np. | EE24: np. | EF24: np. | EG24: np. | EH24: np. | EI24: np. | EJ24: np. | EK24: np. | EL24: np. | EM24: np. | EN24: np. | EO24: np. | EP24: np. | EQ24: np. | ER24: np. | ES24: np. | ET24: np. | EU24: np. | EV24: - | EW24: np. | EX24: np. | EY24: np. | EZ24: np. | FA24: np. | FB24: np. | FC24: np. | FD24: np. | FE24: np. | FF24: np. | FG24: np. | FH24: np. | FI24: np. | FJ24: np. | FK24: np. | FL24: np. | FM24: np. | FN24: np. | FO24: np. | FP24: np. | FQ24: np. | FR24: np. | FS24: np. | FT24: np. | FU24: np. | FV24: np. | FW24: np. | FX24: np. | FY24: np. | FZ24: np. | GA24: np. | GB24: np. | GC24: np. | GD24: np. | GE24: - | GF24: np. | GG24: 0.0416 | GH24: np. | GI24: np. | GJ24: 0.0334 | GK24: 0.032 | GL24: 0.0318 | GM24: 0.0321 | GN24: np. | GO24: 0.033 | GP24: 0.032 | GQ24: 0.0319 | GR24: 0.0333 | GS24: 0.0342 | GT24: 0.0357 | GU24: 0.0373 | GV24: 0.0378 | GW24: 0.0375 | GX24: 0.0379 | GY24: 0.0366 | GZ24: 0.0367 | HA24: 0.0348 | HB24: 0.0455 | HC24: 0.0501 | HD24: 0.0561 | HE24: 0.0572 | HF24: 0.0631 | HG24: 0.0719 | HH24: 0.0808 | HI24: 0.086 | HJ24: 0.0902 | HK24: 0.0861 | HL24: 0.0873 | HM24: 0.0911 | HN24: 0.0905 | HO24: 0.0866 | HP24: 0.0835 | HQ24: 0.0833 | HR24: 0.0833 | HS24: 0.0831 | HT24: 0.083 | HU24: 0.0818 | HV24: 0.0795 | HW24: 0.0782 | HX24: 0.0768 | HY24: 0.0764 | HZ24: 0.0763 | IA24: 0.076 | IB24: 0.0752 | IC24: 0.0751 | ID24: 0.0761 | IE24: 0.0775 | IF24: 0.0787 | IG24: 0.0787 | IH24: 0.0776 | II24: 0.0751 | IJ24: 0.0729 | IK24: 0.0725 | IL24: 0.0737 | IM24: 0.0733 | IN24: 0.0746 | IO24: 0.0747 | IP24: 0.0733 | IQ24: 0.0697 | IR24: 0.0664 | IS24: 0.0656 | IT24: 0.0657 | IU24: 0.0651 | IV24: 0.0644 | IW24: 0.0637 | IX24: 0.0624 | IY24: 0.0609 | IZ24: 0.0594 | JA24: 0.0589 | JB24: 0.0595 | JC24: 0.0606 | JD24: 0.0613 | JE24: 0.061
D25: ogółem | E25: 23 | F25: M_7;AC:A,BCS:2250,BI:A2C,BRS:S1,CT:PLN,DTM:R,F:M,IBC:N,MO:A,RA:PL | G25: 0.0841 | H25: 0.0823 | I25: 0.081 | J25: 0.0737 | K25: 0.075 | L25: 0.0669 | M25: 0.0631 | N25: 0.0639 | O25: 0.0615 | P25: 0.0626 | Q25: 0.0615 | R25: 0.0624 | S25: 0.0608 | T25: 0.0587 | U25: 0.0573 | V25: 0.0568 | W25: 0.0563 | X25: 0.0566 | Y25: 0.0574 | Z25: 0.0573 | AA25: 0.0574 | AB25: 0.0572 | AC25: 0.057 | AD25: 0.0564 | AE25: 0.056 | AF25: 0.0557 | AG25: 0.0561 | AH25: 0.0576 | AI25: 0.0574 | AJ25: 0.0587 | AK25: 0.0605 | AL25: 0.063 | AM25: 0.0641 | AN25: 0.0657 | AO25: 0.0671 | AP25: 0.0693 | AQ25: 0.0702 | AR25: 0.0719 | AS25: 0.0743 | AT25: 0.0771 | AU25: 0.0778 | AV25: 0.0801 | AW25: 0.0829 | AX25: 0.0844 | AY25: 0.0858 | AZ25: 0.0866 | BA25: 0.0881 | BB25: 0.0873 | BC25: 0.0854 | BD25: 0.0742 | BE25: 0.0708 | BF25: 0.0698 | BG25: 0.0715 | BH25: 0.0724 | BI25: 0.0728 | BJ25: 0.0734 | BK25: 0.075 | BL25: 0.0723 | BM25: 0.0705 | BN25: 0.07 | BO25: 0.07 | BP25: 0.0696 | BQ25: 0.0707 | BR25: 0.0692 | BS25: 0.0667 | BT25: 0.0668 | BU25: 0.0658 | BV25: 0.0637 | BW25: 0.0634 | BX25: 0.063 | BY25: 0.0618 | BZ25: 0.0614 | CA25: 0.0609 | CB25: 0.0624 | CC25: 0.064 | CD25: 0.064 | CE25: 0.065 | CF25: 0.0661 | CG25: 0.0677 | CH25: 0.0672 | CI25: 0.0675 | CJ25: 0.0683 | CK25: 0.0687 | CL25: 0.0696 | CM25: 0.0696 | CN25: 0.0704 | CO25: 0.0698 | CP25: 0.0697 | CQ25: 0.0694 | CR25: 0.0711 | CS25: 0.0712 | CT25: 0.0713 | CU25: 0.0709 | CV25: 0.0697 | CW25: 0.0685 | CX25: 0.0662 | CY25: 0.0635 | CZ25: 0.062 | DA25: 0.0601 | DB25: 0.0574 | DC25: 0.0545 | DD25: 0.0517 | DE25: 0.0508 | DF25: 0.0512 | DG25: 0.0518 | DH25: 0.0514 | DI25: 0.0514 | DJ25: 0.0516 | DK25: 0.0521 | DL25: 0.0521 | DM25: 0.0526 | DN25: 0.0526 | DO25: 0.0529 | DP25: 0.053 | DQ25: 0.0531 | DR25: 0.0529 | DS25: 0.0518 | DT25: 0.0484 | DU25: 0.047 | DV25: 0.047 | DW25: 0.047 | DX25: 0.0456 | DY25: 0.0437 | DZ25: 0.0424 | EA25: 0.0427 | EB25: 0.0429 | EC25: 0.0436 | ED25: 0.0436 | EE25: 0.0439 | EF25: 0.044 | EG25: 0.0436 | EH25: 0.044 | EI25: 0.0444 | EJ25: 0.0441 | EK25: 0.0441 | EL25: 0.0453 | EM25: 0.0448 | EN25: 0.0447 | EO25: 0.0449 | EP25: 0.0448 | EQ25: 0.0442 | ER25: 0.0445 | ES25: 0.0439 | ET25: 0.0441 | EU25: 0.0444 | EV25: 0.0446 | EW25: 0.0439 | EX25: 0.0437 | EY25: 0.044 | EZ25: 0.0433 | FA25: 0.0437 | FB25: 0.0439 | FC25: 0.0443 | FD25: 0.0441 | FE25: 0.0439 | FF25: 0.0439 | FG25: 0.0437 | FH25: 0.0442 | FI25: 0.0433 | FJ25: 0.0434 | FK25: 0.0433 | FL25: 0.0433 | FM25: 0.0432 | FN25: 0.0432 | FO25: 0.0437 | FP25: 0.0439 | FQ25: 0.0439 | FR25: 0.0436 | FS25: 0.0435 | FT25: 0.0435 | FU25: 0.0428 | FV25: 0.0429 | FW25: 0.0427 | FX25: 0.0425 | FY25: 0.043 | FZ25: 0.0429 | GA25: 0.0437 | GB25: 0.0437 | GC25: 0.0435 | GD25: 0.0434 | GE25: 0.0435 | GF25: 0.0433 | GG25: 0.0426 | GH25: 0.0393 | GI25: 0.0366 | GJ25: 0.0327 | GK25: 0.0323 | GL25: 0.0304 | GM25: 0.03 | GN25: 0.0289 | GO25: 0.0289 | GP25: 0.0283 | GQ25: 0.0283 | GR25: 0.0282 | GS25: 0.0283 | GT25: 0.0282 | GU25: 0.0285 | GV25: 0.0287 | GW25: 0.0284 | GX25: 0.0285 | GY25: 0.0288 | GZ25: 0.0304 | HA25: 0.0351 | HB25: 0.0455 | HC25: 0.0508 | HD25: 0.0552 | HE25: 0.0596 | HF25: 0.0656 | HG25: 0.0721 | HH25: 0.0818 | HI25: 0.0877 | HJ25: 0.0917 | HK25: 0.0896 | HL25: 0.0904 | HM25: 0.0932 | HN25: 0.0921 | HO25: 0.0889 | HP25: 0.0867 | HQ25: 0.0868 | HR25: 0.0869 | HS25: 0.0863 | HT25: 0.0859 | HU25: 0.0846 | HV25: 0.0816 | HW25: 0.0795 | HX25: 0.0774 | HY25: 0.0768 | HZ25: 0.0767 | IA25: 0.0765 | IB25: 0.0759 | IC25: 0.0763 | ID25: 0.0772 | IE25: 0.0783 | IF25: 0.0793 | IG25: 0.0791 | IH25: 0.0783 | II25: 0.0761 | IJ25: 0.074 | IK25: 0.0735 | IL25: 0.0745 | IM25: 0.0742 | IN25: 0.0754 | IO25: 0.0757 | IP25: 0.0743 | IQ25: 0.0709 | IR25: 0.068 | IS25: 0.0669 | IT25: 0.0668 | IU25: 0.066 | IV25: 0.0649 | IW25: 0.0639 | IX25: 0.0623 | IY25: 0.0604 | IZ25: 0.0592 | JA25: 0.0585 | JB25: 0.0588 | JC25: 0.0597 | JD25: 0.0602 | JE25: 0.06
D26: rzeczywista stopa procentowa | E26: 24 | F26: M_7;AC:A,BCS:2250,BI:A2C,BRS:S1,CT:PLN,DTM:C,F:M,IBC:N,MO:A,RA:PL | G26: 0.0921 | H26: 0.0896 | I26: 0.0874 | J26: 0.0812 | K26: 0.08 | L26: 0.0748 | M26: 0.0694 | N26: 0.0689 | O26: 0.0643 | P26: 0.068 | Q26: 0.0682 | R26: 0.07 | S26: 0.0662 | T26: 0.0656 | U26: 0.0664 | V26: 0.0628 | W26: 0.0626 | X26: 0.0631 | Y26: 0.0637 | Z26: 0.0639 | AA26: 0.0635 | AB26: 0.0632 | AC26: 0.0626 | AD26: 0.0625 | AE26: 0.0612 | AF26: 0.0607 | AG26: 0.0615 | AH26: 0.0617 | AI26: 0.0632 | AJ26: 0.0656 | AK26: 0.066 | AL26: 0.0684 | AM26: 0.069 | AN26: 0.071 | AO26: 0.0717 | AP26: 0.0748 | AQ26: 0.0743 | AR26: 0.0761 | AS26: 0.0782 | AT26: 0.0805 | AU26: 0.081 | AV26: 0.0862 | AW26: 0.0875 | AX26: 0.0898 | AY26: 0.0904 | AZ26: 0.0904 | BA26: 0.0922 | BB26: 0.0928 | BC26: 0.091 | BD26: 0.0815 | BE26: 0.0773 | BF26: 0.0751 | BG26: 0.0766 | BH26: 0.0784 | BI26: 0.0784 | BJ26: 0.0813 | BK26: 0.0809 | BL26: 0.0809 | BM26: 0.0791 | BN26: 0.0781 | BO26: 0.0781 | BP26: 0.0774 | BQ26: 0.0769 | BR26: 0.0743 | BS26: 0.0722 | BT26: 0.0716 | BU26: 0.0698 | BV26: 0.069 | BW26: 0.0682 | BX26: 0.0661 | BY26: 0.0663 | BZ26: 0.0657 | CA26: 0.0656 | CB26: 0.0672 | CC26: 0.068 | CD26: 0.0685 | CE26: 0.0686 | CF26: 0.0697 | CG26: 0.0709 | CH26: 0.0714 | CI26: 0.072 | CJ26: 0.0724 | CK26: 0.0726 | CL26: 0.074 | CM26: 0.0743 | CN26: 0.0748 | CO26: 0.0744 | CP26: 0.0743 | CQ26: 0.0739 | CR26: 0.075 | CS26: 0.0749 | CT26: 0.0751 | CU26: 0.0743 | CV26: 0.0732 | CW26: 0.0723 | CX26: 0.0706 | CY26: 0.0675 | CZ26: 0.0655 | DA26: 0.0631 | DB26: 0.0608 | DC26: 0.0581 | DD26: 0.0554 | DE26: 0.0552 | DF26: 0.0556 | DG26: 0.0557 | DH26: 0.0554 | DI26: 0.0556 | DJ26: 0.0557 | DK26: 0.0561 | DL26: 0.0556 | DM26: 0.0562 | DN26: 0.0563 | DO26: 0.0566 | DP26: 0.0572 | DQ26: 0.0568 | DR26: 0.0567 | DS26: 0.0555 | DT26: 0.0516 | DU26: 0.0504 | DV26: 0.0497 | DW26: 0.0497 | DX26: 0.0484 | DY26: 0.0468 | DZ26: 0.045 | EA26: 0.0453 | EB26: 0.0455 | EC26: 0.0462 | ED26: 0.0461 | EE26: 0.0461 | EF26: 0.0463 | EG26: 0.0458 | EH26: 0.046 | EI26: 0.0461 | EJ26: 0.0458 | EK26: 0.0456 | EL26: 0.0471 | EM26: 0.0465 | EN26: 0.0463 | EO26: 0.047 | EP26: 0.0469 | EQ26: 0.0459 | ER26: 0.0468 | ES26: 0.0461 | ET26: 0.046 | EU26: 0.0463 | EV26: 0.0465 | EW26: 0.0457 | EX26: 0.046 | EY26: 0.0462 | EZ26: 0.0454 | FA26: 0.0459 | FB26: 0.0457 | FC26: 0.0463 | FD26: 0.0462 | FE26: 0.0462 | FF26: 0.0462 | FG26: 0.0462 | FH26: 0.0463 | FI26: 0.0458 | FJ26: 0.0462 | FK26: 0.0457 | FL26: 0.0456 | FM26: 0.0457 | FN26: 0.0457 | FO26: 0.0461 | FP26: 0.0463 | FQ26: 0.0462 | FR26: 0.0462 | FS26: 0.0462 | FT26: 0.0464 | FU26: 0.0466 | FV26: 0.0465 | FW26: 0.0465 | FX26: 0.0464 | FY26: 0.0468 | FZ26: 0.047 | GA26: 0.0481 | GB26: 0.0482 | GC26: 0.0478 | GD26: 0.048 | GE26: 0.0479 | GF26: 0.0475 | GG26: 0.0471 | GH26: 0.0438 | GI26: 0.0411 | GJ26: 0.0373 | GK26: 0.0365 | GL26: 0.0349 | GM26: 0.0346 | GN26: 0.0332 | GO26: 0.0335 | GP26: 0.0319 | GQ26: 0.0323 | GR26: 0.0317 | GS26: 0.0322 | GT26: 0.0325 | GU26: 0.0324 | GV26: 0.0327 | GW26: 0.0325 | GX26: 0.0331 | GY26: 0.0328 | GZ26: 0.0341 | HA26: 0.0389 | HB26: 0.0496 | HC26: 0.0534 | HD26: 0.0587 | HE26: 0.062 | HF26: 0.068 | HG26: 0.0762 | HH26: 0.0862 | HI26: 0.0927 | HJ26: 0.0961 | HK26: 0.0945 | HL26: 0.0963 | HM26: 0.0996 | HN26: 0.0997 | HO26: 0.0965 | HP26: 0.0942 | HQ26: 0.0943 | HR26: 0.0952 | HS26: 0.094 | HT26: 0.094 | HU26: 0.0931 | HV26: 0.0884 | HW26: 0.0855 | HX26: 0.0843 | HY26: 0.0839 | HZ26: 0.0832 | IA26: 0.0821 | IB26: 0.0817 | IC26: 0.0825 | ID26: 0.0837 | IE26: 0.0845 | IF26: 0.0857 | IG26: 0.0859 | IH26: 0.0856 | II26: 0.0839 | IJ26: 0.0822 | IK26: 0.0821 | IL26: 0.0837 | IM26: 0.0833 | IN26: 0.0842 | IO26: 0.0836 | IP26: 0.0825 | IQ26: 0.0789 | IR26: 0.0758 | IS26: 0.075 | IT26: 0.0746 | IU26: 0.0732 | IV26: 0.0723 | IW26: 0.069 | IX26: 0.0665 | IY26: 0.064 | IZ26: 0.0623 | JA26: 0.0613 | JB26: 0.0618 | JC26: 0.0626 | JD26: 0.0632 | JE26: 0.0628
C27: Kredyty dla przedsiębiorców indywidualnych | D27: stopa zmienna i stała do 3 miesięcy włącznie | E27: 25 | F27: M_7;AC:A,BCS:2253,BI:A2D,BRS:S1,CT:PLN,DTM:R,F:M,IBC:N,MO:D,RA:PL | G27: 0.0987 | H27: 0.1 | I27: 0.0973 | J27: 0.0962 | K27: 0.093 | L27: 0.0865 | M27: 0.0827 | N27: 0.0808 | O27: 0.0767 | P27: 0.0775 | Q27: 0.0784 | R27: 0.0787 | S27: 0.075 | T27: 0.074 | U27: 0.0712 | V27: 0.0707 | W27: 0.0669 | X27: 0.0659 | Y27: 0.067 | Z27: 0.0676 | AA27: 0.0695 | AB27: 0.0689 | AC27: 0.0683 | AD27: 0.0669 | AE27: 0.0697 | AF27: 0.0699 | AG27: 0.0714 | AH27: 0.0729 | AI27: 0.0714 | AJ27: 0.0725 | AK27: 0.0745 | AL27: 0.0747 | AM27: 0.0741 | AN27: 0.0778 | AO27: 0.0769 | AP27: 0.078 | AQ27: 0.0807 | AR27: 0.0838 | AS27: 0.0858 | AT27: 0.0924 | AU27: 0.0913 | AV27: 0.0938 | AW27: 0.0912 | AX27: 0.0947 | AY27: 0.0924 | AZ27: 0.0952 | BA27: 0.1018 | BB27: 0.0988 | BC27: 0.0921 | BD27: 0.0906 | BE27: 0.0829 | BF27: 0.0829 | BG27: 0.0838 | BH27: 0.0888 | BI27: 0.0851 | BJ27: 0.0852 | BK27: 0.0877 | BL27: 0.0859 | BM27: 0.0831 | BN27: 0.0853 | BO27: 0.0839 | BP27: 0.0871 | BQ27: 0.0867 | BR27: 0.0843 | BS27: 0.0852 | BT27: 0.0826 | BU27: 0.0848 | BV27: 0.0811 | BW27: 0.0838 | BX27: 0.0826 | BY27: 0.0804 | BZ27: 0.0811 | CA27: 0.0841 | CB27: 0.0871 | CC27: 0.0846 | CD27: 0.0834 | CE27: 0.0828 | CF27: 0.0846 | CG27: 0.0864 | CH27: 0.0849 | CI27: 0.0897 | CJ27: 0.092 | CK27: 0.0895 | CL27: 0.0913 | CM27: 0.0918 | CN27: 0.0846 | CO27: 0.0906 | CP27: 0.0888 | CQ27: 0.0904 | CR27: 0.0908 | CS27: 0.0921 | CT27: 0.0921 | CU27: 0.0952 | CV27: 0.0907 | CW27: 0.0877 | CX27: 0.0818 | CY27: 0.0857 | CZ27: 0.0809 | DA27: 0.0779 | DB27: 0.0747 | DC27: 0.0721 | DD27: 0.0656 | DE27: 0.0725 | DF27: 0.0689 | DG27: 0.0678 | DH27: 0.0667 | DI27: 0.0627 | DJ27: 0.0658 | DK27: 0.0698 | DL27: 0.067 | DM27: 0.0681 | DN27: 0.0658 | DO27: 0.0634 | DP27: 0.0651 | DQ27: 0.0655 | DR27: 0.0664 | DS27: 0.0621 | DT27: 0.0605 | DU27: 0.0579 | DV27: 0.0604 | DW27: 0.0615 | DX27: 0.0619 | DY27: 0.0571 | DZ27: 0.0547 | EA27: 0.0547 | EB27: 0.0516 | EC27: 0.0537 | ED27: 0.052 | EE27: 0.0536 | EF27: 0.0546 | EG27: 0.0549 | EH27: 0.0526 | EI27: 0.0522 | EJ27: 0.0569 | EK27: 0.056 | EL27: 0.0533 | EM27: 0.057 | EN27: 0.0544 | EO27: 0.053 | EP27: 0.0534 | EQ27: 0.056 | ER27: 0.0567 | ES27: 0.0553 | ET27: 0.0567 | EU27: 0.0595 | EV27: 0.0622 | EW27: 0.0586 | EX27: 0.0591 | EY27: 0.0624 | EZ27: 0.0546 | FA27: 0.0579 | FB27: 0.0579 | FC27: 0.063 | FD27: 0.0544 | FE27: 0.0559 | FF27: 0.0524 | FG27: 0.0545 | FH27: 0.0571 | FI27: 0.0587 | FJ27: 0.0563 | FK27: 0.0611 | FL27: 0.0541 | FM27: 0.0603 | FN27: 0.0552 | FO27: 0.0552 | FP27: 0.0564 | FQ27: 0.0568 | FR27: 0.0497 | FS27: 0.0619 | FT27: 0.0615 | FU27: 0.0626 | FV27: 0.0613 | FW27: 0.0605 | FX27: 0.0582 | FY27: 0.0627 | FZ27: 0.0577 | GA27: 0.0605 | GB27: 0.0579 | GC27: 0.0585 | GD27: 0.0562 | GE27: 0.0592 | GF27: 0.0634 | GG27: 0.0593 | GH27: 0.0546 | GI27: 0.0507 | GJ27: 0.0487 | GK27: 0.0458 | GL27: 0.0414 | GM27: 0.0463 | GN27: 0.0473 | GO27: 0.0489 | GP27: 0.0449 | GQ27: 0.0453 | GR27: 0.0436 | GS27: 0.049 | GT27: 0.0443 | GU27: 0.0416 | GV27: 0.0452 | GW27: 0.0421 | GX27: 0.0448 | GY27: 0.0434 | GZ27: 0.0425 | HA27: 0.052 | HB27: 0.0607 | HC27: 0.073 | HD27: 0.0815 | HE27: 0.0837 | HF27: 0.0983 | HG27: 0.1065 | HH27: 0.119 | HI27: 0.1165 | HJ27: 0.108 | HK27: 0.1137 | HL27: 0.1137 | HM27: 0.1214 | HN27: 0.1197 | HO27: 0.1155 | HP27: 0.1201 | HQ27: 0.1151 | HR27: 0.115 | HS27: 0.1141 | HT27: 0.1145 | HU27: 0.1147 | HV27: 0.1136 | HW27: 0.1097 | HX27: 0.1022 | HY27: 0.1052 | HZ27: 0.1002 | IA27: 0.1014 | IB27: 0.1049 | IC27: 0.1013 | ID27: 0.1053 | IE27: 0.1017 | IF27: 0.1008 | IG27: 0.0982 | IH27: 0.1028 | II27: 0.1057 | IJ27: 0.106 | IK27: 0.1034 | IL27: 0.1029 | IM27: 0.0984 | IN27: 0.1071 | IO27: 0.1056 | IP27: 0.1023 | IQ27: 0.0888 | IR27: 0.0961 | IS27: 0.1004 | IT27: 0.0943 | IU27: 0.0886 | IV27: 0.0919 | IW27: 0.0866 | IX27: 0.0859 | IY27: 0.0806 | IZ27: 0.0863 | JA27: 0.0838 | JB27: 0.0739 | JC27: 0.0823 | JD27: 0.0802 | JE27: 0.0812
D28: stopa stała od 3 miesięcy do 1 roku włącznie | E28: 26 | F28: M_7;AC:A,BCS:2253,BI:A2D,BRS:S1,CT:PLN,DTM:R,F:M,IBC:N,MO:Q,RA:PL | G28: 0.1041 | H28: 0.1029 | I28: 0.0929 | J28: 0.0911 | K28: 0.0868 | L28: 0.0926 | M28: 0.0836 | N28: 0.0857 | O28: 0.079 | P28: 0.0849 | Q28: 0.0822 | R28: 0.083 | S28: 0.0839 | T28: 0.0758 | U28: 0.0779 | V28: 0.0811 | W28: 0.078 | X28: 0.076 | Y28: 0.0827 | Z28: 0.0776 | AA28: 0.0798 | AB28: 0.0783 | AC28: 0.0796 | AD28: 0.0735 | AE28: 0.0808 | AF28: 0.0756 | AG28: 0.0786 | AH28: 0.0737 | AI28: 0.0739 | AJ28: 0.0811 | AK28: 0.0782 | AL28: 0.0703 | AM28: 0.0849 | AN28: 0.0788 | AO28: 0.0816 | AP28: 0.0897 | AQ28: 0.0923 | AR28: 0.0855 | AS28: 0.0929 | AT28: 0.0923 | AU28: 0.108 | AV28: 0.1162 | AW28: 0.13 | AX28: 0.1289 | AY28: 0.1298 | AZ28: 0.1277 | BA28: 0.1279 | BB28: 0.1279 | BC28: 0.1042 | BD28: 0.1202 | BE28: 0.0804 | BF28: 0.079 | BG28: 0.0806 | BH28: 0.0858 | BI28: 0.0828 | BJ28: 0.0881 | BK28: 0.0848 | BL28: 0.0852 | BM28: 0.0891 | BN28: 0.0882 | BO28: 0.0867 | BP28: 0.089 | BQ28: 0.0886 | BR28: 0.0857 | BS28: 0.0825 | BT28: 0.0727 | BU28: 0.0701 | BV28: 0.0871 | BW28: 0.0826 | BX28: 0.0844 | BY28: 0.0851 | BZ28: 0.0869 | CA28: 0.0808 | CB28: np. | CC28: np. | CD28: 0.0897 | CE28: 0.0943 | CF28: 0.0893 | CG28: 0.094 | CH28: 0.0965 | CI28: 0.0926 | CJ28: 0.0819 | CK28: 0.0893 | CL28: 0.0959 | CM28: 0.0972 | CN28: 0.0901 | CO28: np. | CP28: 0.0854 | CQ28: 0.0995 | CR28: 0.0909 | CS28: 0.0999 | CT28: 0.1001 | CU28: 0.0957 | CV28: 0.0926 | CW28: 0.0886 | CX28: 0.0824 | CY28: 0.0808 | CZ28: 0.0841 | DA28: 0.0834 | DB28: 0.0821 | DC28: np. | DD28: np. | DE28: 0.0737 | DF28: np. | DG28: np. | DH28: np. | DI28: 0.0768 | DJ28: 0.0735 | DK28: 0.0756 | DL28: np. | DM28: np. | DN28: 0.0706 | DO28: 0.0698 | DP28: np. | DQ28: np. | DR28: np. | DS28: np. | DT28: 0.073 | DU28: 0.063 | DV28: np. | DW28: np. | DX28: np. | DY28: np. | DZ28: np. | EA28: np. | EB28: np. | EC28: np. | ED28: np. | EE28: np. | EF28: np. | EG28: np. | EH28: np. | EI28: np. | EJ28: np. | EK28: np. | EL28: np. | EM28: np. | EN28: np. | EO28: np. | EP28: np. | EQ28: np. | ER28: np. | ES28: np. | ET28: np. | EU28: np. | EV28: np. | EW28: np. | EX28: np. | EY28: np. | EZ28: np. | FA28: np. | FB28: np. | FC28: np. | FD28: np. | FE28: np. | FF28: np. | FG28: np. | FH28: np. | FI28: np. | FJ28: np. | FK28: np. | FL28: np. | FM28: np. | FN28: np. | FO28: np. | FP28: np. | FQ28: np. | FR28: np. | FS28: np. | FT28: np. | FU28: np. | FV28: np. | FW28: np. | FX28: np. | FY28: np. | FZ28: np. | GA28: np. | GB28: np. | GC28: np. | GD28: np. | GE28: np. | GF28: np. | GG28: np. | GH28: np. | GI28: np. | GJ28: np. | GK28: np. | GL28: np. | GM28: np. | GN28: np. | GO28: np. | GP28: np. | GQ28: np. | GR28: np. | GS28: np. | GT28: np. | GU28: np. | GV28: np. | GW28: np. | GX28: np. | GY28: np. | GZ28: np. | HA28: np. | HB28: np. | HC28: np. | HD28: np. | HE28: np. | HF28: np. | HG28: np. | HH28: np. | HI28: np. | HJ28: np. | HK28: np. | HL28: np. | HM28: np. | HN28: np. | HO28: np. | HP28: np. | HQ28: np. | HR28: np. | HS28: np. | HT28: np. | HU28: np. | HV28: np. | HW28: np. | HX28: 0.0836 | HY28: 0.0786 | HZ28: 0.077 | IA28: 0.085 | IB28: 0.0881 | IC28: 0.0862 | ID28: 0.0869 | IE28: np. | IF28: np. | IG28: np. | IH28: 0.0985 | II28: 0.096 | IJ28: 0.0837 | IK28: np. | IL28: np. | IM28: np. | IN28: np. | IO28: np. | IP28: 0.089 | IQ28: 0.0849 | IR28: 0.084 | IS28: np. | IT28: 0.0841 | IU28: np. | IV28: np. | IW28: 0.0923 | IX28: 0.1021 | IY28: np. | IZ28: np. | JA28: np. | JB28: np. | JC28: np. | JD28: np. | JE28: np.
D29: stopa stała powyżej 1 roku | E29: 27 | F29: M_7;AC:A,BCS:2253,BI:A2D,BRS:S1,CT:PLN,DTM:R,F:M,IBC:N,MO:K,RA:PL | G29: 0.1074 | H29: 0.1013 | I29: 0.0982 | J29: 0.0974 | K29: 0.0933 | L29: 0.0987 | M29: 0.1038 | N29: 0.0803 | O29: 0.0652 | P29: 0.0655 | Q29: 0.0821 | R29: 0.0809 | S29: 0.0979 | T29: 0.0834 | U29: 0.076 | V29: 0.081 | W29: 0.0688 | X29: 0.1048 | Y29: 0.1317 | Z29: 0.1392 | AA29: 0.1354 | AB29: 0.1315 | AC29: 0.1375 | AD29: 0.1274 | AE29: 0.1215 | AF29: 0.1325 | AG29: 0.1333 | AH29: 0.1252 | AI29: 0.1216 | AJ29: 0.1214 | AK29: 0.1257 | AL29: 0.1339 | AM29: 0.1286 | AN29: 0.1298 | AO29: 0.1268 | AP29: 0.1302 | AQ29: 0.1311 | AR29: 0.1299 | AS29: 0.1247 | AT29: 0.1255 | AU29: 0.1312 | AV29: 0.1241 | AW29: 0.1263 | AX29: 0.1304 | AY29: 0.1283 | AZ29: 0.1208 | BA29: 0.1273 | BB29: 0.1238 | BC29: 0.1264 | BD29: 0.1243 | BE29: 0.1204 | BF29: 0.1288 | BG29: 0.122 | BH29: 0.112 | BI29: 0.1229 | BJ29: 0.129 | BK29: 0.1348 | BL29: 0.098 | BM29: 0.126 | BN29: 0.1304 | BO29: 0.1195 | BP29: 0.1289 | BQ29: 0.123 | BR29: 0.1303 | BS29: 0.1073 | BT29: 0.0662 | BU29: 0.0634 | BV29: 0.06 | BW29: 0.0605 | BX29: 0.0665 | BY29: - | BZ29: 0.0967 | CA29: np. | CB29: np. | CC29: np. | CD29: np. | CE29: np. | CF29: np. | CG29: np. | CH29: np. | CI29: np. | CJ29: np. | CK29: np. | CL29: np. | CM29: np. | CN29: np. | CO29: np. | CP29: np. | CQ29: np. | CR29: np. | CS29: np. | CT29: np. | CU29: np. | CV29: np. | CW29: np. | CX29: np. | CY29: np. | CZ29: np. | DA29: np. | DB29: np. | DC29: np. | DD29: np. | DE29: np. | DF29: np. | DG29: 0.1308 | DH29: 0.111 | DI29: np. | DJ29: 0.1286 | DK29: np. | DL29: np. | DM29: 0.0825 | DN29: 0.0848 | DO29: np. | DP29: 0.1264 | DQ29: np. | DR29: np. | DS29: np. | DT29: np. | DU29: np. | DV29: np. | DW29: np. | DX29: np. | DY29: np. | DZ29: np. | EA29: np. | EB29: np. | EC29: np. | ED29: np. | EE29: np. | EF29: np. | EG29: np. | EH29: np. | EI29: 0.0544 | EJ29: np. | EK29: np. | EL29: np. | EM29: np. | EN29: np. | EO29: np. | EP29: np. | EQ29: np. | ER29: np. | ES29: np. | ET29: np. | EU29: np. | EV29: np. | EW29: np. | EX29: np. | EY29: np. | EZ29: np. | FA29: np. | FB29: np. | FC29: np. | FD29: np. | FE29: np. | FF29: np. | FG29: np. | FH29: np. | FI29: np. | FJ29: np. | FK29: np. | FL29: 0.0231 | FM29: 0.0313 | FN29: 0.041 | FO29: 0.0386 | FP29: 0.0385 | FQ29: 0.0357 | FR29: 0.0225 | FS29: 0.0276 | FT29: 0.028 | FU29: 0.0278 | FV29: 0.0396 | FW29: 0.0359 | FX29: 0.0428 | FY29: 0.0565 | FZ29: np. | GA29: np. | GB29: np. | GC29: np. | GD29: np. | GE29: np. | GF29: np. | GG29: np. | GH29: np. | GI29: np. | GJ29: np. | GK29: np. | GL29: np. | GM29: np. | GN29: np. | GO29: 0.0351 | GP29: 0.0305 | GQ29: 0.0335 | GR29: 0.0449 | GS29: np. | GT29: np. | GU29: np. | GV29: np. | GW29: np. | GX29: np. | GY29: np. | GZ29: 0.0719 | HA29: 0.0844 | HB29: 0.0889 | HC29: 0.0864 | HD29: 0.0997 | HE29: 0.1063 | HF29: 0.0998 | HG29: 0.1152 | HH29: 0.1187 | HI29: 0.118 | HJ29: 0.1188 | HK29: 0.1181 | HL29: 0.1232 | HM29: 0.1191 | HN29: 0.1169 | HO29: 0.1156 | HP29: 0.1169 | HQ29: 0.1167 | HR29: 0.1132 | HS29: 0.1142 | HT29: 0.1121 | HU29: 0.1156 | HV29: 0.1133 | HW29: 0.1106 | HX29: 0.1074 | HY29: 0.1105 | HZ29: 0.1098 | IA29: 0.1109 | IB29: 0.1124 | IC29: 0.1106 | ID29: 0.1137 | IE29: 0.1119 | IF29: 0.1111 | IG29: 0.1113 | IH29: 0.109 | II29: 0.1103 | IJ29: 0.1096 | IK29: 0.1099 | IL29: 0.11 | IM29: 0.1103 | IN29: 0.1095 | IO29: 0.1109 | IP29: 0.108 | IQ29: 0.1068 | IR29: 0.106 | IS29: 0.1038 | IT29: 0.1022 | IU29: 0.1017 | IV29: np. | IW29: 0.1007 | IX29: np. | IY29: np. | IZ29: np. | JA29: 0.0968 | JB29: 0.0986 | JC29: 0.1007 | JD29: 0.1001 | JE29: np.
D30: ogółem | E30: 28 | F30: M_7;AC:A,BCS:2253,BI:A2D,BRS:S1,CT:PLN,DTM:R,F:M,IBC:N,MO:A,RA:PL | G30: 0.0993 | H30: 0.1001 | I30: 0.097 | J30: 0.096 | K30: 0.0925 | L30: 0.087 | M30: 0.0828 | N30: 0.0812 | O30: 0.0768 | P30: 0.0777 | Q30: 0.0786 | R30: 0.079 | S30: 0.0755 | T30: 0.0741 | U30: 0.0715 | V30: 0.0712 | W30: 0.0679 | X30: 0.0667 | Y30: 0.068 | Z30: 0.0716 | AA30: 0.0718 | AB30: 0.0712 | AC30: 0.0712 | AD30: 0.0717 | AE30: 0.0704 | AF30: 0.0709 | AG30: 0.0728 | AH30: 0.0735 | AI30: 0.072 | AJ30: 0.073 | AK30: 0.0751 | AL30: 0.0755 | AM30: 0.0749 | AN30: 0.0782 | AO30: 0.078 | AP30: 0.0788 | AQ30: 0.0817 | AR30: 0.0849 | AS30: 0.0866 | AT30: 0.0932 | AU30: 0.0932 | AV30: 0.0955 | AW30: 0.0932 | AX30: 0.0974 | AY30: 0.0947 | AZ30: 0.0969 | BA30: 0.1042 | BB30: 0.1012 | BC30: 0.0937 | BD30: 0.0932 | BE30: 0.0842 | BF30: 0.0837 | BG30: 0.0847 | BH30: 0.0894 | BI30: 0.0859 | BJ30: 0.0865 | BK30: 0.0885 | BL30: 0.0863 | BM30: 0.0845 | BN30: 0.0863 | BO30: 0.0849 | BP30: 0.0892 | BQ30: 0.0874 | BR30: 0.0851 | BS30: 0.0858 | BT30: 0.0814 | BU30: 0.0832 | BV30: 0.0812 | BW30: 0.0836 | BX30: 0.0827 | BY30: 0.0807 | BZ30: 0.0818 | CA30: 0.0849 | CB30: 0.0879 | CC30: 0.0871 | CD30: 0.085 | CE30: 0.0844 | CF30: 0.086 | CG30: 0.0877 | CH30: 0.087 | CI30: 0.0917 | CJ30: 0.0921 | CK30: 0.0903 | CL30: 0.0925 | CM30: 0.093 | CN30: 0.0858 | CO30: 0.0924 | CP30: 0.0892 | CQ30: 0.092 | CR30: 0.0916 | CS30: 0.0933 | CT30: 0.0931 | CU30: 0.097 | CV30: 0.092 | CW30: 0.089 | CX30: 0.083 | CY30: 0.0865 | CZ30: 0.0824 | DA30: 0.0794 | DB30: 0.0759 | DC30: 0.0739 | DD30: 0.0674 | DE30: 0.0733 | DF30: 0.0704 | DG30: 0.0702 | DH30: 0.0689 | DI30: 0.0642 | DJ30: 0.0675 | DK30: 0.0722 | DL30: 0.0694 | DM30: 0.0691 | DN30: 0.0677 | DO30: 0.065 | DP30: 0.0666 | DQ30: 0.0674 | DR30: 0.0677 | DS30: 0.0639 | DT30: 0.062 | DU30: 0.0593 | DV30: 0.0614 | DW30: 0.0627 | DX30: 0.0622 | DY30: 0.0577 | DZ30: 0.0553 | EA30: 0.055 | EB30: 0.0524 | EC30: 0.0542 | ED30: 0.0525 | EE30: 0.0547 | EF30: 0.0548 | EG30: 0.0548 | EH30: 0.0534 | EI30: 0.0529 | EJ30: 0.0575 | EK30: 0.0563 | EL30: 0.0539 | EM30: 0.0571 | EN30: 0.055 | EO30: 0.0492 | EP30: 0.0492 | EQ30: 0.0527 | ER30: 0.0536 | ES30: 0.052 | ET30: 0.0536 | EU30: 0.0546 | EV30: 0.0578 | EW30: 0.0551 | EX30: 0.0561 | EY30: 0.0586 | EZ30: 0.0518 | FA30: 0.0562 | FB30: 0.0568 | FC30: 0.0621 | FD30: 0.0541 | FE30: 0.0552 | FF30: 0.0517 | FG30: 0.0539 | FH30: 0.0567 | FI30: 0.0577 | FJ30: 0.0556 | FK30: 0.0597 | FL30: 0.0543 | FM30: 0.0605 | FN30: 0.0564 | FO30: 0.056 | FP30: 0.0574 | FQ30: 0.0576 | FR30: 0.0506 | FS30: 0.0625 | FT30: 0.0621 | FU30: 0.063 | FV30: 0.0619 | FW30: 0.0611 | FX30: 0.0592 | FY30: 0.0632 | FZ30: 0.0589 | GA30: 0.0615 | GB30: 0.0594 | GC30: 0.0598 | GD30: 0.0572 | GE30: 0.0605 | GF30: 0.0641 | GG30: 0.0602 | GH30: 0.0548 | GI30: 0.0505 | GJ30: 0.0486 | GK30: 0.0461 | GL30: 0.0428 | GM30: 0.0468 | GN30: 0.0485 | GO30: 0.0491 | GP30: 0.0452 | GQ30: 0.0458 | GR30: 0.0445 | GS30: 0.0497 | GT30: 0.046 | GU30: 0.0441 | GV30: 0.0473 | GW30: 0.0441 | GX30: 0.0468 | GY30: 0.0455 | GZ30: 0.0451 | HA30: 0.055 | HB30: 0.0634 | HC30: 0.0753 | HD30: 0.0832 | HE30: 0.0859 | HF30: 0.0995 | HG30: 0.1078 | HH30: 0.1186 | HI30: 0.1169 | HJ30: 0.1097 | HK30: 0.1149 | HL30: 0.115 | HM30: 0.1212 | HN30: 0.1188 | HO30: 0.1151 | HP30: 0.118 | HQ30: 0.1143 | HR30: 0.1146 | HS30: 0.1146 | HT30: 0.1147 | HU30: 0.1152 | HV30: 0.1132 | HW30: 0.1094 | HX30: 0.1023 | HY30: 0.1056 | HZ30: 0.1008 | IA30: 0.1024 | IB30: 0.1056 | IC30: 0.1024 | ID30: 0.1061 | IE30: 0.1029 | IF30: 0.1023 | IG30: 0.0998 | IH30: 0.1037 | II30: 0.1064 | IJ30: 0.1064 | IK30: 0.1042 | IL30: 0.1036 | IM30: 0.0994 | IN30: 0.1073 | IO30: 0.1063 | IP30: 0.1031 | IQ30: 0.0901 | IR30: 0.0972 | IS30: 0.1008 | IT30: 0.0955 | IU30: 0.0903 | IV30: 0.0935 | IW30: 0.0884 | IX30: 0.0885 | IY30: 0.0834 | IZ30: 0.0885 | JA30: 0.086 | JB30: 0.0766 | JC30: 0.0854 | JD30: 0.0829 | JE30: 0.0846
C31: Pozostałe kredyty i inne należności bez przedsiębiorców indywidualnych | D31: stopa zmienna i stała do 3 miesięcy włącznie | E31: 29 | F31: M_7;AC:A,BCS:P15,BI:A2D,BRS:S1,CT:PLN,DTM:R,F:M,IBC:N,MO:D,RA:PL | G31: 0.0944 | H31: 0.0966 | I31: 0.0952 | J31: 0.0802 | K31: 0.0786 | L31: 0.078 | M31: 0.0783 | N31: 0.0752 | O31: 0.0657 | P31: 0.0663 | Q31: 0.0715 | R31: 0.0675 | S31: 0.0702 | T31: 0.0652 | U31: 0.0642 | V31: 0.0682 | W31: 0.0659 | X31: 0.0654 | Y31: 0.0573 | Z31: 0.0654 | AA31: 0.068 | AB31: 0.0701 | AC31: 0.069 | AD31: 0.0637 | AE31: 0.0637 | AF31: 0.0629 | AG31: 0.065 | AH31: 0.0636 | AI31: 0.0735 | AJ31: 0.0705 | AK31: 0.0686 | AL31: 0.0721 | AM31: 0.0667 | AN31: 0.0722 | AO31: 0.0734 | AP31: 0.0775 | AQ31: 0.0772 | AR31: 0.0819 | AS31: 0.0841 | AT31: 0.0834 | AU31: 0.0872 | AV31: 0.0818 | AW31: 0.0878 | AX31: 0.0901 | AY31: 0.0908 | AZ31: 0.0886 | BA31: 0.0949 | BB31: 0.0987 | BC31: 0.0982 | BD31: 0.0938 | BE31: 0.0919 | BF31: 0.0871 | BG31: 0.0868 | BH31: 0.0815 | BI31: 0.0839 | BJ31: 0.0834 | BK31: 0.0889 | BL31: 0.0663 | BM31: 0.0832 | BN31: 0.0793 | BO31: 0.0836 | BP31: 0.0878 | BQ31: 0.0819 | BR31: 0.0807 | BS31: 0.0803 | BT31: 0.0791 | BU31: 0.0793 | BV31: 0.0868 | BW31: 0.0866 | BX31: 0.0838 | BY31: 0.0814 | BZ31: 0.0808 | CA31: 0.0747 | CB31: 0.0742 | CC31: 0.079 | CD31: 0.0842 | CE31: 0.0846 | CF31: 0.087 | CG31: 0.0858 | CH31: 0.0896 | CI31: 0.0847 | CJ31: 0.0829 | CK31: 0.0835 | CL31: 0.0837 | CM31: 0.0793 | CN31: 0.0804 | CO31: 0.0852 | CP31: 0.0822 | CQ31: 0.0882 | CR31: 0.0873 | CS31: 0.0892 | CT31: 0.0881 | CU31: 0.0876 | CV31: 0.0887 | CW31: 0.0878 | CX31: 0.082 | CY31: 0.0765 | CZ31: 0.0735 | DA31: 0.0761 | DB31: 0.0752 | DC31: 0.0735 | DD31: 0.0732 | DE31: 0.0667 | DF31: 0.0677 | DG31: 0.0686 | DH31: 0.069 | DI31: 0.068 | DJ31: 0.0667 | DK31: 0.0642 | DL31: 0.066 | DM31: 0.071 | DN31: 0.0744 | DO31: 0.0771 | DP31: 0.0713 | DQ31: 0.0708 | DR31: 0.0716 | DS31: 0.0709 | DT31: 0.0663 | DU31: 0.0638 | DV31: 0.0601 | DW31: 0.0611 | DX31: 0.0608 | DY31: 0.0573 | DZ31: 0.0605 | EA31: 0.0597 | EB31: 0.0581 | EC31: 0.0545 | ED31: 0.0558 | EE31: 0.0512 | EF31: 0.0534 | EG31: 0.0536 | EH31: 0.0501 | EI31: 0.0568 | EJ31: 0.0574 | EK31: 0.0541 | EL31: 0.0499 | EM31: 0.0576 | EN31: 0.0496 | EO31: 0.0532 | EP31: 0.0407 | EQ31: 0.0537 | ER31: 0.0549 | ES31: 0.0618 | ET31: 0.0608 | EU31: 0.0571 | EV31: 0.0625 | EW31: 0.0612 | EX31: 0.0538 | EY31: 0.0547 | EZ31: 0.0499 | FA31: 0.0537 | FB31: 0.0552 | FC31: 0.0535 | FD31: 0.0514 | FE31: 0.0517 | FF31: 0.0502 | FG31: 0.0564 | FH31: 0.0586 | FI31: 0.0558 | FJ31: 0.0559 | FK31: 0.0512 | FL31: 0.0549 | FM31: 0.0557 | FN31: 0.0529 | FO31: 0.0541 | FP31: 0.0489 | FQ31: 0.0539 | FR31: 0.0535 | FS31: 0.0553 | FT31: 0.0526 | FU31: 0.0506 | FV31: 0.0505 | FW31: 0.0539 | FX31: 0.0552 | FY31: 0.0517 | FZ31: 0.0492 | GA31: 0.0513 | GB31: 0.0528 | GC31: 0.0545 | GD31: 0.0535 | GE31: 0.0583 | GF31: 0.0564 | GG31: 0.0497 | GH31: 0.049 | GI31: 0.0464 | GJ31: 0.0471 | GK31: 0.0423 | GL31: 0.0418 | GM31: 0.0383 | GN31: 0.0435 | GO31: 0.0382 | GP31: 0.0378 | GQ31: 0.0433 | GR31: 0.0369 | GS31: 0.0408 | GT31: 0.0433 | GU31: 0.0369 | GV31: 0.0409 | GW31: 0.0359 | GX31: 0.051 | GY31: 0.0387 | GZ31: 0.0344 | HA31: 0.045 | HB31: 0.0559 | HC31: 0.0616 | HD31: 0.0673 | HE31: 0.0747 | HF31: 0.0818 | HG31: 0.0842 | HH31: 0.0915 | HI31: 0.1006 | HJ31: 0.1001 | HK31: 0.1 | HL31: 0.104 | HM31: 0.1047 | HN31: 0.1037 | HO31: 0.0982 | HP31: 0.1013 | HQ31: 0.1018 | HR31: 0.1029 | HS31: 0.1022 | HT31: 0.1 | HU31: 0.0984 | HV31: 0.0975 | HW31: 0.0964 | HX31: 0.0933 | HY31: 0.0952 | HZ31: 0.1002 | IA31: 0.0937 | IB31: 0.0911 | IC31: 0.0919 | ID31: 0.0889 | IE31: 0.0905 | IF31: 0.089 | IG31: 0.0925 | IH31: 0.0865 | II31: 0.0928 | IJ31: 0.089 | IK31: 0.0888 | IL31: 0.0913 | IM31: 0.0906 | IN31: 0.0915 | IO31: 0.0909 | IP31: 0.092 | IQ31: 0.0856 | IR31: 0.0858 | IS31: 0.083 | IT31: 0.0831 | IU31: 0.0781 | IV31: 0.0758 | IW31: 0.0762 | IX31: 0.0754 | IY31: 0.0704 | IZ31: 0.0748 | JA31: 0.0717 | JB31: 0.069 | JC31: 0.0672 | JD31: 0.0687 | JE31: 0.0679
D32: stopa stała od 3 miesięcy do 1 roku włącznie | E32: 30 | F32: M_7;AC:A,BCS:P15,BI:A2D,BRS:S1,CT:PLN,DTM:R,F:M,IBC:N,MO:Q,RA:PL | G32: 0.0935 | H32: 0.0907 | I32: 0.1022 | J32: 0.0947 | K32: 0.082 | L32: 0.0867 | M32: 0.0876 | N32: 0.091 | O32: 0.0669 | P32: 0.0644 | Q32: 0.0942 | R32: 0.0659 | S32: 0.0655 | T32: 0.0612 | U32: 0.0863 | V32: 0.1027 | W32: 0.0961 | X32: 0.0946 | Y32: 0.0971 | Z32: 0.0809 | AA32: 0.0542 | AB32: 0.0784 | AC32: 0.0799 | AD32: 0.0338 | AE32: 0.0515 | AF32: 0.0613 | AG32: 0.0973 | AH32: 0.0044 | AI32: 0.078 | AJ32: 0.0518 | AK32: 0.0645 | AL32: 0.0863 | AM32: 0.0929 | AN32: 0.0859 | AO32: 0.0817 | AP32: 0.0825 | AQ32: 0.0751 | AR32: 0.079 | AS32: 0.0963 | AT32: 0.0955 | AU32: 0.1036 | AV32: 0.0934 | AW32: 0.0909 | AX32: 0.112 | AY32: 0.0982 | AZ32: 0.1147 | BA32: 0.1024 | BB32: 0.0966 | BC32: 0.1018 | BD32: 0.0919 | BE32: 0.0658 | BF32: 0.0745 | BG32: 0.0706 | BH32: 0.074 | BI32: 0.0788 | BJ32: 0.069 | BK32: 0.0688 | BL32: 0.0858 | BM32: 0.0711 | BN32: 0.076 | BO32: 0.0782 | BP32: 0.0711 | BQ32: 0.0673 | BR32: 0.0783 | BS32: 0.0728 | BT32: 0.0723 | BU32: 0.0693 | BV32: 0.0711 | BW32: 0.0706 | BX32: 0.0684 | BY32: 0.0704 | BZ32: 0.0703 | CA32: np. | CB32: 0.0752 | CC32: np. | CD32: np. | CE32: np. | CF32: np. | CG32: np. | CH32: np. | CI32: np. | CJ32: np. | CK32: np. | CL32: np. | CM32: np. | CN32: np. | CO32: np. | CP32: np. | CQ32: np. | CR32: np. | CS32: np. | CT32: np. | CU32: np. | CV32: np. | CW32: np. | CX32: np. | CY32: np. | CZ32: np. | DA32: np. | DB32: np. | DC32: np. | DD32: np. | DE32: np. | DF32: np. | DG32: np. | DH32: np. | DI32: np. | DJ32: np. | DK32: np. | DL32: np. | DM32: np. | DN32: np. | DO32: np. | DP32: np. | DQ32: np. | DR32: np. | DS32: np. | DT32: np. | DU32: np. | DV32: 0.0574 | DW32: np. | DX32: np. | DY32: np. | DZ32: np. | EA32: 0.0395 | EB32: np. | EC32: np. | ED32: np. | EE32: np. | EF32: np. | EG32: np. | EH32: np. | EI32: np. | EJ32: np. | EK32: np. | EL32: np. | EM32: np. | EN32: np. | EO32: np. | EP32: np. | EQ32: np. | ER32: np. | ES32: np. | ET32: np. | EU32: np. | EV32: np. | EW32: np. | EX32: np. | EY32: np. | EZ32: np. | FA32: np. | FB32: np. | FC32: np. | FD32: np. | FE32: np. | FF32: np. | FG32: np. | FH32: np. | FI32: np. | FJ32: np. | FK32: np. | FL32: np. | FM32: np. | FN32: np. | FO32: np. | FP32: np. | FQ32: np. | FR32: np. | FS32: np. | FT32: np. | FU32: np. | FV32: np. | FW32: np. | FX32: np. | FY32: np. | FZ32: np. | GA32: np. | GB32: np. | GC32: np. | GD32: np. | GE32: np. | GF32: np. | GG32: np. | GH32: np. | GI32: np. | GJ32: np. | GK32: np. | GL32: np. | GM32: np. | GN32: np. | GO32: np. | GP32: np. | GQ32: np. | GR32: np. | GS32: np. | GT32: np. | GU32: np. | GV32: np. | GW32: np. | GX32: np. | GY32: np. | GZ32: np. | HA32: np. | HB32: np. | HC32: np. | HD32: np. | HE32: np. | HF32: np. | HG32: np. | HH32: np. | HI32: np. | HJ32: np. | HK32: np. | HL32: np. | HM32: np. | HN32: np. | HO32: np. | HP32: np. | HQ32: np. | HR32: np. | HS32: np. | HT32: np. | HU32: np. | HV32: np. | HW32: np. | HX32: np. | HY32: np. | HZ32: np. | IA32: np. | IB32: np. | IC32: np. | ID32: np. | IE32: np. | IF32: np. | IG32: np. | IH32: np. | II32: np. | IJ32: np. | IK32: np. | IL32: np. | IM32: np. | IN32: np. | IO32: np. | IP32: np. | IQ32: 0.0748 | IR32: 0.0733 | IS32: 0.0765 | IT32: 0.0769 | IU32: np. | IV32: np. | IW32: np. | IX32: 0.0782 | IY32: np. | IZ32: 0.074 | JA32: np. | JB32: np. | JC32: 0.073 | JD32: 0.0724 | JE32: 0.0686
D33: stopa stała powyżej 1 roku | E33: 31 | F33: M_7;AC:A,BCS:P15,BI:A2D,BRS:S1,CT:PLN,DTM:R,F:M,IBC:N,MO:K,RA:PL | G33: 0.0854 | H33: 0.0785 | I33: 0.0843 | J33: 0.0831 | K33: 0.0757 | L33: 0.0827 | M33: 0.0649 | N33: 0.0805 | O33: 0.0769 | P33: 0.0622 | Q33: 0.14 | R33: 0.0989 | S33: 0.0568 | T33: 0.0563 | U33: 0.0587 | V33: 0.149 | W33: 0.0534 | X33: 0.0535 | Y33: 0.0546 | Z33: 0.0516 | AA33: 0.0664 | AB33: 0.0567 | AC33: 0.0526 | AD33: 0.0528 | AE33: 0.0597 | AF33: 0.0616 | AG33: 0.0556 | AH33: 0.0522 | AI33: 0.0595 | AJ33: 0.061 | AK33: 0.0653 | AL33: 0.0646 | AM33: 0.0647 | AN33: 0.0641 | AO33: 0.0621 | AP33: 0.0712 | AQ33: 0.0756 | AR33: 0.0684 | AS33: 0.0739 | AT33: 0.0727 | AU33: 0.0781 | AV33: 0.0784 | AW33: 0.0766 | AX33: 0.0735 | AY33: 0.0738 | AZ33: 0.0659 | BA33: 0.0792 | BB33: 0.0698 | BC33: 0.072 | BD33: 0.1216 | BE33: 0.1529 | BF33: 0.1209 | BG33: 0.1375 | BH33: 0.1547 | BI33: 0.1515 | BJ33: 0.161 | BK33: 0.1496 | BL33: 0.16 | BM33: 0.1583 | BN33: 0.1371 | BO33: 0.1644 | BP33: 0.168 | BQ33: 0.1624 | BR33: 0.0611 | BS33: 0.0634 | BT33: 0.0857 | BU33: 0.0996 | BV33: 0.11 | BW33: 0.0481 | BX33: 0.0626 | BY33: 0.0508 | BZ33: 0.0643 | CA33: - | CB33: np. | CC33: np. | CD33: - | CE33: np. | CF33: np. | CG33: np. | CH33: np. | CI33: np. | CJ33: np. | CK33: np. | CL33: np. | CM33: np. | CN33: - | CO33: np. | CP33: np. | CQ33: np. | CR33: np. | CS33: - | CT33: np. | CU33: np. | CV33: np. | CW33: - | CX33: - | CY33: np. | CZ33: np. | DA33: np. | DB33: - | DC33: - | DD33: np. | DE33: - | DF33: - | DG33: - | DH33: - | DI33: np. | DJ33: - | DK33: - | DL33: - | DM33: - | DN33: - | DO33: - | DP33: - | DQ33: - | DR33: - | DS33: - | DT33: np. | DU33: - | DV33: np. | DW33: np. | DX33: - | DY33: - | DZ33: np. | EA33: - | EB33: - | EC33: - | ED33: np. | EE33: - | EF33: - | EG33: - | EH33: - | EI33: - | EJ33: - | EK33: - | EL33: np. | EM33: - | EN33: - | EO33: np. | EP33: np. | EQ33: np. | ER33: np. | ES33: np. | ET33: np. | EU33: np. | EV33: np. | EW33: np. | EX33: np. | EY33: np. | EZ33: np. | FA33: np. | FB33: np. | FC33: np. | FD33: np. | FE33: np. | FF33: np. | FG33: np. | FH33: - | FI33: np. | FJ33: - | FK33: np. | FL33: np. | FM33: np. | FN33: np. | FO33: np. | FP33: np. | FQ33: np. | FR33: np. | FS33: np. | FT33: np. | FU33: np. | FV33: np. | FW33: np. | FX33: np. | FY33: np. | FZ33: np. | GA33: np. | GB33: np. | GC33: np. | GD33: np. | GE33: np. | GF33: 0.0698 | GG33: np. | GH33: np. | GI33: np. | GJ33: 0.0398 | GK33: np. | GL33: np. | GM33: np. | GN33: np. | GO33: np. | GP33: np. | GQ33: np. | GR33: 0.0297 | GS33: np. | GT33: np. | GU33: np. | GV33: np. | GW33: np. | GX33: np. | GY33: np. | GZ33: np. | HA33: np. | HB33: np. | HC33: np. | HD33: 0.0655 | HE33: 0.0803 | HF33: 0.0788 | HG33: 0.0822 | HH33: 0.088 | HI33: 0.0987 | HJ33: 0.1065 | HK33: 0.1022 | HL33: 0.0956 | HM33: 0.1036 | HN33: 0.0997 | HO33: 0.1045 | HP33: 0.1056 | HQ33: 0.1116 | HR33: np. | HS33: np. | HT33: 0.1049 | HU33: 0.0935 | HV33: 0.0966 | HW33: 0.0999 | HX33: 0.0957 | HY33: 0.0855 | HZ33: 0.0941 | IA33: 0.099 | IB33: 0.0935 | IC33: 0.0884 | ID33: 0.0913 | IE33: 0.0983 | IF33: 0.0793 | IG33: 0.094 | IH33: np. | II33: np. | IJ33: np. | IK33: np. | IL33: np. | IM33: np. | IN33: 0.0897 | IO33: 0.084 | IP33: 0.0808 | IQ33: 0.0761 | IR33: 0.0741 | IS33: 0.0766 | IT33: 0.078 | IU33: 0.0761 | IV33: 0.0733 | IW33: np. | IX33: 0.0725 | IY33: np. | IZ33: np. | JA33: 0.0775 | JB33: 0.0741 | JC33: 0.0734 | JD33: 0.0765 | JE33: 0.0685
D34: ogółem | E34: 32 | F34: M_7;AC:A,BCS:P15,BI:A2D,BRS:S1,CT:PLN,DTM:R,F:M,IBC:N,MO:A,RA:PL | G34: 0.0936 | H34: 0.0917 | I34: 0.0968 | J34: 0.0878 | K34: 0.0805 | L34: 0.0795 | M34: 0.0787 | N34: 0.0762 | O34: 0.0667 | P34: 0.0653 | Q34: 0.0895 | R34: 0.068 | S34: 0.0691 | T34: 0.0644 | U34: 0.0658 | V34: 0.0703 | W34: 0.0675 | X34: 0.0674 | Y34: 0.058 | Z34: 0.067 | AA34: 0.0603 | AB34: 0.0774 | AC34: 0.0779 | AD34: 0.0395 | AE34: 0.0543 | AF34: 0.0627 | AG34: 0.0656 | AH34: 0.0543 | AI34: 0.0776 | AJ34: 0.0572 | AK34: 0.0672 | AL34: 0.073 | AM34: 0.0688 | AN34: 0.0731 | AO34: 0.0738 | AP34: 0.0779 | AQ34: 0.0769 | AR34: 0.0811 | AS34: 0.0851 | AT34: 0.0893 | AU34: 0.0878 | AV34: 0.0842 | AW34: 0.088 | AX34: 0.0908 | AY34: 0.0919 | AZ34: 0.0899 | BA34: 0.0948 | BB34: 0.098 | BC34: 0.0983 | BD34: 0.0955 | BE34: 0.1003 | BF34: 0.0944 | BG34: 0.0956 | BH34: 0.0887 | BI34: 0.0932 | BJ34: 0.0922 | BK34: 0.1007 | BL34: 0.0715 | BM34: 0.0913 | BN34: 0.0827 | BO34: 0.0908 | BP34: 0.0955 | BQ34: 0.0892 | BR34: 0.0802 | BS34: 0.0785 | BT34: 0.078 | BU34: 0.0776 | BV34: 0.0847 | BW34: 0.0835 | BX34: 0.0804 | BY34: 0.0798 | BZ34: 0.0797 | CA34: 0.0746 | CB34: 0.0742 | CC34: 0.0786 | CD34: 0.0837 | CE34: 0.0837 | CF34: 0.086 | CG34: 0.0852 | CH34: 0.0886 | CI34: 0.0842 | CJ34: 0.083 | CK34: 0.0834 | CL34: 0.0827 | CM34: 0.08 | CN34: 0.0814 | CO34: 0.0857 | CP34: 0.0825 | CQ34: 0.0881 | CR34: 0.0876 | CS34: 0.0891 | CT34: 0.0882 | CU34: 0.087 | CV34: 0.0887 | CW34: 0.0877 | CX34: 0.0822 | CY34: 0.0769 | CZ34: 0.0743 | DA34: 0.076 | DB34: 0.075 | DC34: 0.0727 | DD34: 0.072 | DE34: 0.0666 | DF34: 0.0677 | DG34: 0.0684 | DH34: 0.0692 | DI34: 0.0681 | DJ34: 0.0668 | DK34: 0.0644 | DL34: 0.0662 | DM34: 0.0708 | DN34: 0.0731 | DO34: 0.0747 | DP34: 0.0694 | DQ34: 0.0694 | DR34: 0.0702 | DS34: 0.0684 | DT34: 0.065 | DU34: 0.0619 | DV34: 0.0599 | DW34: 0.0621 | DX34: 0.0614 | DY34: 0.0577 | DZ34: 0.0597 | EA34: 0.0567 | EB34: 0.0574 | EC34: 0.0541 | ED34: 0.0554 | EE34: 0.0512 | EF34: 0.0532 | EG34: 0.0538 | EH34: 0.0505 | EI34: 0.0572 | EJ34: 0.0569 | EK34: 0.054 | EL34: 0.0504 | EM34: 0.0559 | EN34: 0.0492 | EO34: 0.0522 | EP34: 0.0412 | EQ34: 0.0528 | ER34: 0.0549 | ES34: 0.0614 | ET34: 0.0606 | EU34: 0.0573 | EV34: 0.0622 | EW34: 0.0607 | EX34: 0.0534 | EY34: 0.054 | EZ34: 0.0498 | FA34: 0.053 | FB34: 0.0542 | FC34: 0.053 | FD34: 0.0513 | FE34: 0.0517 | FF34: 0.0501 | FG34: 0.0568 | FH34: 0.0588 | FI34: 0.0558 | FJ34: 0.056 | FK34: 0.051 | FL34: 0.0545 | FM34: 0.0544 | FN34: 0.0524 | FO34: 0.0535 | FP34: 0.0487 | FQ34: 0.0536 | FR34: 0.0535 | FS34: 0.055 | FT34: 0.0527 | FU34: 0.0507 | FV34: 0.0504 | FW34: 0.053 | FX34: 0.054 | FY34: 0.051 | FZ34: 0.0489 | GA34: 0.0507 | GB34: 0.0524 | GC34: 0.0542 | GD34: 0.0535 | GE34: 0.0574 | GF34: 0.0563 | GG34: 0.0496 | GH34: 0.0485 | GI34: 0.0455 | GJ34: 0.0451 | GK34: 0.0414 | GL34: 0.041 | GM34: 0.0377 | GN34: 0.0419 | GO34: 0.0376 | GP34: 0.0378 | GQ34: 0.0428 | GR34: 0.0367 | GS34: 0.0406 | GT34: 0.0425 | GU34: 0.0365 | GV34: 0.0399 | GW34: 0.0355 | GX34: 0.049 | GY34: 0.0378 | GZ34: 0.0341 | HA34: 0.0446 | HB34: 0.0562 | HC34: 0.0625 | HD34: 0.0673 | HE34: 0.0745 | HF34: 0.0815 | HG34: 0.0839 | HH34: 0.0914 | HI34: 0.1003 | HJ34: 0.1005 | HK34: 0.1004 | HL34: 0.1037 | HM34: 0.1046 | HN34: 0.1037 | HO34: 0.0982 | HP34: 0.1012 | HQ34: 0.1017 | HR34: 0.1025 | HS34: 0.102 | HT34: 0.0995 | HU34: 0.098 | HV34: 0.0973 | HW34: 0.0964 | HX34: 0.0932 | HY34: 0.0951 | HZ34: 0.1002 | IA34: 0.0939 | IB34: 0.0913 | IC34: 0.0919 | ID34: 0.089 | IE34: 0.0905 | IF34: 0.0887 | IG34: 0.0924 | IH34: 0.0867 | II34: 0.0929 | IJ34: 0.0892 | IK34: 0.089 | IL34: 0.0913 | IM34: 0.0908 | IN34: 0.0915 | IO34: 0.0905 | IP34: 0.0897 | IQ34: 0.0829 | IR34: 0.0813 | IS34: 0.0812 | IT34: 0.0819 | IU34: 0.0776 | IV34: 0.0746 | IW34: 0.073 | IX34: 0.0736 | IY34: 0.0693 | IZ34: 0.0755 | JA34: 0.0744 | JB34: 0.0706 | JC34: 0.0682 | JD34: 0.0709 | JE34: 0.0681
C35: ogółem | E35: 33 | F35: M_7;AC:A,BCS:2250,BI:A2A,BRS:S1,CT:PLN,DTM:R,F:M,IBC:N,MO:A,RA:PL | G35: 0.0999 | H35: 0.1077 | I35: 0.1112 | J35: 0.0995 | K35: 0.0897 | L35: 0.1037 | M35: 0.1009 | N35: 0.0975 | O35: 0.0767 | P35: 0.0851 | Q35: 0.0974 | R35: 0.0903 | S35: 0.0942 | T35: 0.0934 | U35: 0.0957 | V35: 0.098 | W35: 0.0973 | X35: 0.0928 | Y35: 0.0866 | Z35: 0.0899 | AA35: 0.0888 | AB35: 0.0835 | AC35: 0.0869 | AD35: 0.071 | AE35: 0.0893 | AF35: 0.0953 | AG35: 0.0917 | AH35: 0.0831 | AI35: 0.089 | AJ35: 0.0895 | AK35: 0.0965 | AL35: 0.1013 | AM35: 0.0999 | AN35: 0.1026 | AO35: 0.104 | AP35: 0.1033 | AQ35: 0.1094 | AR35: 0.1135 | AS35: 0.1149 | AT35: 0.1229 | AU35: 0.1287 | AV35: 0.1276 | AW35: 0.1313 | AX35: 0.1288 | AY35: 0.1295 | AZ35: 0.1275 | BA35: 0.1322 | BB35: 0.1252 | BC35: 0.1283 | BD35: 0.1266 | BE35: 0.124 | BF35: 0.1262 | BG35: 0.1234 | BH35: 0.1243 | BI35: 0.1251 | BJ35: 0.124 | BK35: 0.1249 | BL35: 0.085 | BM35: 0.1169 | BN35: 0.1126 | BO35: 0.1155 | BP35: 0.1185 | BQ35: 0.1189 | BR35: 0.1158 | BS35: 0.1151 | BT35: 0.1107 | BU35: 0.11 | BV35: 0.1062 | BW35: 0.1055 | BX35: 0.1031 | BY35: 0.1031 | BZ35: 0.1001 | CA35: 0.1014 | CB35: 0.1057 | CC35: 0.1057 | CD35: 0.1049 | CE35: 0.1062 | CF35: 0.1082 | CG35: 0.1113 | CH35: 0.1098 | CI35: 0.1084 | CJ35: 0.1109 | CK35: 0.1112 | CL35: 0.1095 | CM35: 0.1125 | CN35: 0.1098 | CO35: 0.1116 | CP35: 0.1113 | CQ35: 0.1111 | CR35: 0.1077 | CS35: 0.1115 | CT35: 0.1141 | CU35: 0.1128 | CV35: 0.1123 | CW35: 0.1119 | CX35: 0.1057 | CY35: 0.1051 | CZ35: 0.1071 | DA35: 0.1112 | DB35: 0.1024 | DC35: 0.1064 | DD35: 0.099 | DE35: 0.0978 | DF35: 0.0947 | DG35: 0.0949 | DH35: 0.0945 | DI35: 0.0936 | DJ35: 0.092 | DK35: 0.0935 | DL35: 0.0943 | DM35: 0.0933 | DN35: 0.0931 | DO35: 0.0935 | DP35: 0.0944 | DQ35: 0.0938 | DR35: 0.0931 | DS35: 0.0904 | DT35: 0.0803 | DU35: 0.0763 | DV35: 0.0736 | DW35: 0.0755 | DX35: 0.0748 | DY35: 0.0674 | DZ35: 0.066 | EA35: 0.0657 | EB35: 0.0651 | EC35: 0.0661 | ED35: 0.0654 | EE35: 0.0646 | EF35: 0.0643 | EG35: 0.0635 | EH35: 0.0623 | EI35: 0.0643 | EJ35: 0.0647 | EK35: 0.0641 | EL35: 0.0637 | EM35: 0.0652 | EN35: 0.0641 | EO35: 0.0626 | EP35: 0.0611 | EQ35: 0.0631 | ER35: 0.0628 | ES35: 0.0625 | ET35: 0.0619 | EU35: 0.0625 | EV35: 0.0628 | EW35: 0.0621 | EX35: 0.0617 | EY35: 0.063 | EZ35: 0.0608 | FA35: 0.0617 | FB35: 0.0631 | FC35: 0.0636 | FD35: 0.0624 | FE35: 0.0623 | FF35: 0.0602 | FG35: 0.0638 | FH35: 0.0626 | FI35: 0.0622 | FJ35: 0.0638 | FK35: 0.0644 | FL35: 0.0633 | FM35: 0.0641 | FN35: 0.0635 | FO35: 0.0636 | FP35: 0.0637 | FQ35: 0.0632 | FR35: 0.0616 | FS35: 0.0658 | FT35: 0.0659 | FU35: 0.0652 | FV35: 0.0639 | FW35: 0.0642 | FX35: 0.0638 | FY35: 0.064 | FZ35: 0.063 | GA35: 0.0639 | GB35: 0.0636 | GC35: 0.0641 | GD35: 0.0622 | GE35: 0.0654 | GF35: 0.0652 | GG35: 0.0597 | GH35: 0.0502 | GI35: 0.0493 | GJ35: 0.0486 | GK35: 0.048 | GL35: 0.0465 | GM35: 0.0469 | GN35: 0.0457 | GO35: 0.0447 | GP35: 0.0435 | GQ35: 0.0457 | GR35: 0.0453 | GS35: 0.0453 | GT35: 0.0448 | GU35: 0.0453 | GV35: 0.0457 | GW35: 0.045 | GX35: 0.045 | GY35: 0.0447 | GZ35: 0.046 | HA35: 0.0505 | HB35: 0.0584 | HC35: 0.0673 | HD35: 0.073 | HE35: 0.0739 | HF35: 0.0806 | HG35: 0.0895 | HH35: 0.0978 | HI35: 0.1038 | HJ35: 0.1057 | HK35: 0.1091 | HL35: 0.1106 | HM35: 0.1081 | HN35: 0.1098 | HO35: 0.1122 | HP35: 0.1109 | HQ35: 0.1092 | HR35: 0.11 | HS35: 0.1104 | HT35: 0.11 | HU35: 0.109 | HV35: 0.104 | HW35: 0.1012 | HX35: 0.0981 | HY35: 0.0946 | HZ35: 0.0956 | IA35: 0.0954 | IB35: 0.0961 | IC35: 0.0974 | ID35: 0.1023 | IE35: 0.1045 | IF35: 0.1034 | IG35: 0.1091 | IH35: 0.1068 | II35: 0.1058 | IJ35: 0.1039 | IK35: 0.1006 | IL35: 0.1 | IM35: 0.104 | IN35: 0.1049 | IO35: 0.1035 | IP35: 0.1017 | IQ35: 0.0994 | IR35: 0.0976 | IS35: 0.0959 | IT35: 0.0941 | IU35: 0.0923 | IV35: 0.0904 | IW35: 0.0857 | IX35: 0.0841 | IY35: 0.0873 | IZ35: 0.0844 | JA35: 0.0814 | JB35: 0.0813 | JC35: 0.0817 | JD35: 0.0819 | JE35: 0.0794
B36: Przedsiębiorstwa niefinansowe | C36: Kredyty o wysokości do 1 miliona zł włącznie | D36: stopa zmienna i stała do 3 miesięcy włącznie | E36: 34 | F36: M_7;AC:2,BCS:2240,BI:A2A,BRS:S1,CT:PLN,DTM:R,F:M,IBC:N,MO:D,RA:PL | G36: b.d. | H36: b.d. | I36: b.d. | J36: b.d. | K36: b.d. | L36: b.d. | M36: b.d. | N36: b.d. | O36: b.d. | P36: b.d. | Q36: b.d. | R36: b.d. | S36: b.d. | T36: b.d. | U36: b.d. | V36: b.d. | W36: b.d. | X36: b.d. | Y36: b.d. | Z36: b.d. | AA36: b.d. | AB36: b.d. | AC36: b.d. | AD36: b.d. | AE36: b.d. | AF36: b.d. | AG36: b.d. | AH36: b.d. | AI36: b.d. | AJ36: b.d. | AK36: b.d. | AL36: b.d. | AM36: b.d. | AN36: b.d. | AO36: b.d. | AP36: b.d. | AQ36: b.d. | AR36: b.d. | AS36: b.d. | AT36: b.d. | AU36: b.d. | AV36: b.d. | AW36: b.d. | AX36: b.d. | AY36: b.d. | AZ36: b.d. | BA36: b.d. | BB36: b.d. | BC36: b.d. | BD36: b.d. | BE36: b.d. | BF36: b.d. | BG36: b.d. | BH36: b.d. | BI36: b.d. | BJ36: b.d. | BK36: b.d. | BL36: b.d. | BM36: b.d. | BN36: b.d. | BO36: b.d. | BP36: b.d. | BQ36: b.d. | BR36: b.d. | BS36: b.d. | BT36: 0.0651 | BU36: 0.0648 | BV36: 0.0646 | BW36: 0.0635 | BX36: 0.0622 | BY36: 0.062 | BZ36: 0.0614 | CA36: 0.0626 | CB36: 0.0647 | CC36: 0.0627 | CD36: 0.0627 | CE36: 0.0647 | CF36: 0.0657 | CG36: 0.0664 | CH36: 0.0672 | CI36: 0.0664 | CJ36: 0.067 | CK36: 0.0671 | CL36: 0.0669 | CM36: 0.0669 | CN36: 0.0675 | CO36: 0.0673 | CP36: 0.0676 | CQ36: 0.0697 | CR36: 0.0686 | CS36: 0.0692 | CT36: 0.0696 | CU36: 0.0688 | CV36: 0.0676 | CW36: 0.0658 | CX36: 0.0631 | CY36: 0.0598 | CZ36: 0.0582 | DA36: 0.0545 | DB36: 0.053 | DC36: 0.0506 | DD36: 0.0468 | DE36: 0.0458 | DF36: 0.0447 | DG36: 0.0446 | DH36: 0.0444 | DI36: 0.0425 | DJ36: 0.0437 | DK36: 0.0439 | DL36: 0.0441 | DM36: 0.0443 | DN36: 0.0443 | DO36: 0.0455 | DP36: 0.0439 | DQ36: 0.0438 | DR36: 0.044 | DS36: 0.0422 | DT36: 0.0397 | DU36: 0.0366 | DV36: 0.0369 | DW36: 0.0382 | DX36: 0.0363 | DY36: 0.0353 | DZ36: 0.0327 | EA36: 0.0324 | EB36: 0.0341 | EC36: 0.0336 | ED36: 0.0323 | EE36: 0.0342 | EF36: 0.0344 | EG36: 0.0334 | EH36: 0.0315 | EI36: 0.0307 | EJ36: 0.0316 | EK36: 0.0313 | EL36: 0.032 | EM36: 0.0315 | EN36: 0.0313 | EO36: 0.0338 | EP36: 0.0341 | EQ36: 0.0338 | ER36: 0.035 | ES36: 0.0336 | ET36: 0.0329 | EU36: 0.0337 | EV36: 0.0333 | EW36: 0.0337 | EX36: 0.0335 | EY36: 0.0334 | EZ36: 0.0337 | FA36: 0.034 | FB36: 0.0332 | FC36: 0.033 | FD36: 0.0334 | FE36: 0.0331 | FF36: 0.032 | FG36: 0.0323 | FH36: 0.0323 | FI36: 0.0314 | FJ36: 0.0323 | FK36: 0.0322 | FL36: 0.0309 | FM36: 0.0323 | FN36: 0.0321 | FO36: 0.0319 | FP36: 0.0324 | FQ36: 0.0318 | FR36: 0.0315 | FS36: 0.0312 | FT36: 0.0327 | FU36: 0.032 | FV36: 0.0321 | FW36: 0.033 | FX36: 0.0321 | FY36: 0.0328 | FZ36: 0.0325 | GA36: 0.0315 | GB36: 0.0321 | GC36: 0.0311 | GD36: 0.0305 | GE36: 0.0316 | GF36: 0.0313 | GG36: 0.0293 | GH36: 0.0229 | GI36: 0.0202 | GJ36: 0.0168 | GK36: 0.0177 | GL36: 0.017 | GM36: 0.0169 | GN36: 0.0174 | GO36: 0.0171 | GP36: 0.0167 | GQ36: 0.0163 | GR36: 0.0163 | GS36: 0.0167 | GT36: 0.0172 | GU36: 0.0173 | GV36: 0.0172 | GW36: 0.0183 | GX36: 0.0179 | GY36: 0.0172 | GZ36: 0.021 | HA36: 0.0278 | HB36: 0.0345 | HC36: 0.0398 | HD36: 0.0441 | HE36: 0.0544 | HF36: 0.0637 | HG36: 0.0724 | HH36: 0.0781 | HI36: 0.0834 | HJ36: 0.0836 | HK36: 0.0846 | HL36: 0.0848 | HM36: 0.0847 | HN36: 0.0835 | HO36: 0.0826 | HP36: 0.0817 | HQ36: 0.0817 | HR36: 0.082 | HS36: 0.0824 | HT36: 0.0843 | HU36: 0.0831 | HV36: 0.0821 | HW36: 0.0765 | HX36: 0.0723 | HY36: 0.071 | HZ36: 0.0723 | IA36: 0.0715 | IB36: 0.0705 | IC36: 0.0707 | ID36: 0.0709 | IE36: 0.0714 | IF36: 0.0716 | IG36: 0.073 | IH36: 0.0723 | II36: 0.0719 | IJ36: 0.0713 | IK36: 0.0715 | IL36: 0.0713 | IM36: 0.0713 | IN36: 0.0712 | IO36: 0.0716 | IP36: 0.0696 | IQ36: 0.0672 | IR36: 0.0659 | IS36: 0.066 | IT36: 0.0643 | IU36: 0.0616 | IV36: 0.0606 | IW36: 0.0567 | IX36: 0.0551 | IY36: 0.0522 | IZ36: 0.0527 | JA36: 0.0607 | JB36: 0.0599 | JC36: 0.0613 | JD36: 0.0605 | JE36: 0.0578
D37: stopa stała od 3 miesięcy do 1 roku włącznie | E37: 35 | F37: M_7;AC:2,BCS:2240,BI:A2A,BRS:S1,CT:PLN,DTM:R,F:M,IBC:N,MO:Q,RA:PL | G37: b.d. | H37: b.d. | I37: b.d. | J37: b.d. | K37: b.d. | L37: b.d. | M37: b.d. | N37: b.d. | O37: b.d. | P37: b.d. | Q37: b.d. | R37: b.d. | S37: b.d. | T37: b.d. | U37: b.d. | V37: b.d. | W37: b.d. | X37: b.d. | Y37: b.d. | Z37: b.d. | AA37: b.d. | AB37: b.d. | AC37: b.d. | AD37: b.d. | AE37: b.d. | AF37: b.d. | AG37: b.d. | AH37: b.d. | AI37: b.d. | AJ37: b.d. | AK37: b.d. | AL37: b.d. | AM37: b.d. | AN37: b.d. | AO37: b.d. | AP37: b.d. | AQ37: b.d. | AR37: b.d. | AS37: b.d. | AT37: b.d. | AU37: b.d. | AV37: b.d. | AW37: b.d. | AX37: b.d. | AY37: b.d. | AZ37: b.d. | BA37: b.d. | BB37: b.d. | BC37: b.d. | BD37: b.d. | BE37: b.d. | BF37: b.d. | BG37: b.d. | BH37: b.d. | BI37: b.d. | BJ37: b.d. | BK37: b.d. | BL37: b.d. | BM37: b.d. | BN37: b.d. | BO37: b.d. | BP37: b.d. | BQ37: b.d. | BR37: b.d. | BS37: b.d. | BT37: 0.0608 | BU37: 0.0599 | BV37: 0.0625 | BW37: 0.0613 | BX37: 0.0598 | BY37: 0.0601 | BZ37: 0.0583 | CA37: 0.0619 | CB37: 0.059 | CC37: 0.0596 | CD37: 0.0609 | CE37: 0.0613 | CF37: 0.0635 | CG37: 0.064 | CH37: 0.0636 | CI37: 0.0636 | CJ37: 0.0652 | CK37: 0.0651 | CL37: 0.0644 | CM37: 0.0629 | CN37: 0.0637 | CO37: 0.0648 | CP37: 0.0645 | CQ37: 0.0717 | CR37: 0.0734 | CS37: 0.0715 | CT37: 0.0702 | CU37: 0.0724 | CV37: 0.0733 | CW37: 0.0655 | CX37: 0.065 | CY37: 0.0573 | CZ37: 0.0582 | DA37: 0.0551 | DB37: 0.0471 | DC37: 0.045 | DD37: 0.0421 | DE37: 0.0392 | DF37: 0.0413 | DG37: 0.0432 | DH37: 0.041 | DI37: 0.0423 | DJ37: 0.0425 | DK37: 0.0424 | DL37: 0.0417 | DM37: 0.043 | DN37: 0.0407 | DO37: 0.0429 | DP37: 0.0433 | DQ37: 0.0414 | DR37: 0.0403 | DS37: 0.0393 | DT37: 0.0375 | DU37: 0.0345 | DV37: 0.0374 | DW37: 0.038 | DX37: 0.0366 | DY37: 0.0362 | DZ37: 0.035 | EA37: 0.0308 | EB37: 0.0335 | EC37: 0.0339 | ED37: 0.0332 | EE37: 0.0358 | EF37: 0.0357 | EG37: 0.0336 | EH37: 0.0334 | EI37: 0.0333 | EJ37: 0.033 | EK37: 0.0369 | EL37: 0.0353 | EM37: 0.0335 | EN37: 0.0353 | EO37: 0.0353 | EP37: 0.037 | EQ37: 0.034 | ER37: 0.035 | ES37: 0.0344 | ET37: 0.0337 | EU37: 0.0368 | EV37: 0.0338 | EW37: 0.0373 | EX37: 0.0408 | EY37: 0.0347 | EZ37: 0.0352 | FA37: 0.0334 | FB37: 0.0341 | FC37: 0.035 | FD37: 0.0347 | FE37: 0.037 | FF37: 0.0346 | FG37: 0.035 | FH37: 0.0328 | FI37: 0.0355 | FJ37: 0.0348 | FK37: 0.0328 | FL37: 0.0365 | FM37: 0.0343 | FN37: 0.0368 | FO37: 0.0355 | FP37: 0.0355 | FQ37: 0.0345 | FR37: 0.0332 | FS37: 0.0356 | FT37: 0.0338 | FU37: 0.0365 | FV37: 0.0358 | FW37: 0.0366 | FX37: 0.0371 | FY37: 0.0365 | FZ37: 0.0334 | GA37: 0.0344 | GB37: 0.0356 | GC37: 0.0348 | GD37: 0.0338 | GE37: 0.0365 | GF37: 0.0334 | GG37: 0.0318 | GH37: 0.0245 | GI37: 0.0228 | GJ37: 0.0201 | GK37: 0.0214 | GL37: 0.0205 | GM37: 0.0205 | GN37: 0.0236 | GO37: 0.022 | GP37: 0.0191 | GQ37: 0.0212 | GR37: 0.0232 | GS37: 0.0239 | GT37: 0.0252 | GU37: 0.0236 | GV37: 0.0255 | GW37: 0.0241 | GX37: 0.025 | GY37: 0.0236 | GZ37: 0.0254 | HA37: 0.0359 | HB37: 0.0423 | HC37: 0.0445 | HD37: 0.0525 | HE37: 0.0623 | HF37: 0.0746 | HG37: 0.0817 | HH37: 0.0897 | HI37: 0.0925 | HJ37: 0.0919 | HK37: 0.0932 | HL37: 0.096 | HM37: 0.0954 | HN37: 0.0939 | HO37: 0.0924 | HP37: 0.0922 | HQ37: 0.0926 | HR37: 0.0905 | HS37: 0.091 | HT37: 0.0908 | HU37: 0.0897 | HV37: 0.0898 | HW37: 0.0822 | HX37: 0.0778 | HY37: 0.0794 | HZ37: 0.0782 | IA37: 0.0796 | IB37: 0.079 | IC37: 0.0789 | ID37: 0.0798 | IE37: np. | IF37: 0.0793 | IG37: np. | IH37: np. | II37: np. | IJ37: 0.078 | IK37: 0.0778 | IL37: 0.0769 | IM37: np. | IN37: 0.0763 | IO37: 0.0776 | IP37: 0.0733 | IQ37: 0.0703 | IR37: 0.0698 | IS37: np. | IT37: 0.0662 | IU37: 0.0652 | IV37: 0.0623 | IW37: 0.0595 | IX37: np. | IY37: np. | IZ37: np. | JA37: np. | JB37: np. | JC37: np. | JD37: np. | JE37: np.
D38: stopa stała powyżej 1 roku | E38: 36 | F38: M_7;AC:2,BCS:2240,BI:A2A,BRS:S1,CT:PLN,DTM:R,F:M,IBC:N,MO:K,RA:PL | G38: b.d. | H38: b.d. | I38: b.d. | J38: b.d. | K38: b.d. | L38: b.d. | M38: b.d. | N38: b.d. | O38: b.d. | P38: b.d. | Q38: b.d. | R38: b.d. | S38: b.d. | T38: b.d. | U38: b.d. | V38: b.d. | W38: b.d. | X38: b.d. | Y38: b.d. | Z38: b.d. | AA38: b.d. | AB38: b.d. | AC38: b.d. | AD38: b.d. | AE38: b.d. | AF38: b.d. | AG38: b.d. | AH38: b.d. | AI38: b.d. | AJ38: b.d. | AK38: b.d. | AL38: b.d. | AM38: b.d. | AN38: b.d. | AO38: b.d. | AP38: b.d. | AQ38: b.d. | AR38: b.d. | AS38: b.d. | AT38: b.d. | AU38: b.d. | AV38: b.d. | AW38: b.d. | AX38: b.d. | AY38: b.d. | AZ38: b.d. | BA38: b.d. | BB38: b.d. | BC38: b.d. | BD38: b.d. | BE38: b.d. | BF38: b.d. | BG38: b.d. | BH38: b.d. | BI38: b.d. | BJ38: b.d. | BK38: b.d. | BL38: b.d. | BM38: b.d. | BN38: b.d. | BO38: b.d. | BP38: b.d. | BQ38: b.d. | BR38: b.d. | BS38: b.d. | BT38: 0.0681 | BU38: 0.0619 | BV38: 0.0677 | BW38: 0.0602 | BX38: 0.0639 | BY38: 0.0634 | BZ38: 0.0873 | CA38: np. | CB38: np. | CC38: np. | CD38: np. | CE38: np. | CF38: np. | CG38: np. | CH38: np. | CI38: np. | CJ38: np. | CK38: np. | CL38: np. | CM38: np. | CN38: np. | CO38: np. | CP38: np. | CQ38: 0.0886 | CR38: np. | CS38: 0.0954 | CT38: 0.1114 | CU38: np. | CV38: 0.1118 | CW38: 0.0842 | CX38: 0.1048 | CY38: np. | CZ38: 0.1136 | DA38: np. | DB38: np. | DC38: np. | DD38: 0.0483 | DE38: np. | DF38: np. | DG38: 0.0753 | DH38: np. | DI38: 0.0602 | DJ38: 0.087 | DK38: 0.0999 | DL38: 0.1196 | DM38: np. | DN38: 0.0825 | DO38: np. | DP38: 0.1157 | DQ38: np. | DR38: np. | DS38: 0.0667 | DT38: 0.0726 | DU38: 0.0581 | DV38: 0.0428 | DW38: np. | DX38: np. | DY38: np. | DZ38: np. | EA38: np. | EB38: 0.0832 | EC38: 0.0569 | ED38: 0.0595 | EE38: 0.0787 | EF38: np. | EG38: np. | EH38: np. | EI38: np. | EJ38: np. | EK38: np. | EL38: np. | EM38: np. | EN38: np. | EO38: 0.0309 | EP38: 0.0277 | EQ38: 0.0275 | ER38: 0.0245 | ES38: np. | ET38: 0.0253 | EU38: np. | EV38: 0.0292 | EW38: 0.0374 | EX38: 0.032 | EY38: 0.0271 | EZ38: 0.0313 | FA38: 0.0306 | FB38: np. | FC38: 0.0387 | FD38: 0.043 | FE38: 0.036 | FF38: 0.0428 | FG38: 0.0358 | FH38: 0.0347 | FI38: np. | FJ38: 0.0396 | FK38: np. | FL38: np. | FM38: 0.0547 | FN38: np. | FO38: np. | FP38: 0.0388 | FQ38: 0.0521 | FR38: 0.0387 | FS38: 0.0446 | FT38: np. | FU38: 0.0405 | FV38: np. | FW38: np. | FX38: np. | FY38: np. | FZ38: np. | GA38: 0.0495 | GB38: np. | GC38: np. | GD38: np. | GE38: np. | GF38: np. | GG38: np. | GH38: np. | GI38: 0.0253 | GJ38: np. | GK38: np. | GL38: np. | GM38: np. | GN38: 0.0172 | GO38: np. | GP38: 0.0147 | GQ38: 0.0127 | GR38: 0.0204 | GS38: 0.0241 | GT38: np. | GU38: np. | GV38: 0.0275 | GW38: 0.0264 | GX38: np. | GY38: 0.0291 | GZ38: np. | HA38: np. | HB38: 0.0477 | HC38: 0.0501 | HD38: 0.0582 | HE38: np. | HF38: 0.0794 | HG38: 0.0874 | HH38: np. | HI38: 0.0823 | HJ38: np. | HK38: np. | HL38: np. | HM38: np. | HN38: 0.0906 | HO38: np. | HP38: 0.0814 | HQ38: np. | HR38: np. | HS38: np. | HT38: np. | HU38: 0.1214 | HV38: np. | HW38: 0.0945 | HX38: 0.0969 | HY38: 0.1099 | HZ38: 0.1051 | IA38: 0.1061 | IB38: 0.113 | IC38: 0.1111 | ID38: 0.1151 | IE38: 0.1076 | IF38: 0.1089 | IG38: 0.1086 | IH38: 0.1079 | II38: 0.1061 | IJ38: 0.1064 | IK38: 0.1136 | IL38: 0.1113 | IM38: 0.1124 | IN38: 0.109 | IO38: 0.1102 | IP38: 0.1048 | IQ38: 0.106 | IR38: 0.1028 | IS38: 0.101 | IT38: 0.0926 | IU38: 0.0995 | IV38: 0.0955 | IW38: 0.1003 | IX38: 0.0981 | IY38: np. | IZ38: 0.0947 | JA38: 0.0927 | JB38: 0.089 | JC38: 0.0954 | JD38: 0.0884 | JE38: 0.0884
D39: ogółem | E39: 37 | F39: M_7;AC:2,BCS:2240,BI:A2A,BRS:S1,CT:PLN,DTM:R,F:M,IBC:N,MO:A,RA:PL | G39: b.d. | H39: b.d. | I39: b.d. | J39: b.d. | K39: b.d. | L39: b.d. | M39: b.d. | N39: b.d. | O39: b.d. | P39: b.d. | Q39: b.d. | R39: b.d. | S39: b.d. | T39: b.d. | U39: b.d. | V39: b.d. | W39: b.d. | X39: b.d. | Y39: b.d. | Z39: b.d. | AA39: b.d. | AB39: b.d. | AC39: b.d. | AD39: b.d. | AE39: b.d. | AF39: b.d. | AG39: b.d. | AH39: b.d. | AI39: b.d. | AJ39: b.d. | AK39: b.d. | AL39: b.d. | AM39: b.d. | AN39: b.d. | AO39: b.d. | AP39: b.d. | AQ39: b.d. | AR39: b.d. | AS39: b.d. | AT39: b.d. | AU39: b.d. | AV39: b.d. | AW39: b.d. | AX39: b.d. | AY39: b.d. | AZ39: b.d. | BA39: b.d. | BB39: b.d. | BC39: b.d. | BD39: b.d. | BE39: b.d. | BF39: b.d. | BG39: b.d. | BH39: b.d. | BI39: b.d. | BJ39: b.d. | BK39: b.d. | BL39: b.d. | BM39: b.d. | BN39: b.d. | BO39: b.d. | BP39: b.d. | BQ39: b.d. | BR39: b.d. | BS39: b.d. | BT39: 0.0648 | BU39: 0.0644 | BV39: 0.0644 | BW39: 0.0633 | BX39: 0.0621 | BY39: 0.0618 | BZ39: 0.0612 | CA39: 0.0626 | CB39: 0.0646 | CC39: 0.0629 | CD39: 0.0629 | CE39: 0.0648 | CF39: 0.0658 | CG39: 0.0665 | CH39: 0.0671 | CI39: 0.0663 | CJ39: 0.067 | CK39: 0.0671 | CL39: 0.0669 | CM39: 0.0667 | CN39: 0.0673 | CO39: 0.0673 | CP39: 0.0675 | CQ39: 0.0699 | CR39: 0.0687 | CS39: 0.0693 | CT39: 0.0697 | CU39: 0.0691 | CV39: 0.068 | CW39: 0.0659 | CX39: 0.0633 | CY39: 0.0597 | CZ39: 0.0583 | DA39: 0.0545 | DB39: 0.0527 | DC39: 0.0501 | DD39: 0.0465 | DE39: 0.0452 | DF39: 0.0445 | DG39: 0.0445 | DH39: 0.0442 | DI39: 0.0426 | DJ39: 0.0437 | DK39: 0.0439 | DL39: 0.044 | DM39: 0.0444 | DN39: 0.0441 | DO39: 0.0454 | DP39: 0.0439 | DQ39: 0.0437 | DR39: 0.0437 | DS39: 0.042 | DT39: 0.0396 | DU39: 0.0365 | DV39: 0.037 | DW39: 0.0382 | DX39: 0.0364 | DY39: 0.0354 | DZ39: 0.0329 | EA39: 0.0324 | EB39: 0.0342 | EC39: 0.0337 | ED39: 0.0324 | EE39: 0.0343 | EF39: 0.0344 | EG39: 0.0335 | EH39: 0.0316 | EI39: 0.0308 | EJ39: 0.0317 | EK39: 0.0316 | EL39: 0.0322 | EM39: 0.0316 | EN39: 0.0316 | EO39: 0.0338 | EP39: 0.0342 | EQ39: 0.0337 | ER39: 0.0349 | ES39: 0.0336 | ET39: 0.0329 | EU39: 0.0339 | EV39: 0.0333 | EW39: 0.034 | EX39: 0.034 | EY39: 0.0334 | EZ39: 0.0337 | FA39: 0.034 | FB39: 0.0332 | FC39: 0.0331 | FD39: 0.0335 | FE39: 0.0334 | FF39: 0.0321 | FG39: 0.0324 | FH39: 0.0324 | FI39: 0.0316 | FJ39: 0.0325 | FK39: 0.0322 | FL39: 0.0312 | FM39: 0.0324 | FN39: 0.0324 | FO39: 0.0322 | FP39: 0.0326 | FQ39: 0.032 | FR39: 0.0316 | FS39: 0.0316 | FT39: 0.0328 | FU39: 0.0323 | FV39: 0.0324 | FW39: 0.0332 | FX39: 0.0324 | FY39: 0.033 | FZ39: 0.0326 | GA39: 0.0317 | GB39: 0.0323 | GC39: 0.0314 | GD39: 0.0307 | GE39: 0.0319 | GF39: 0.0315 | GG39: 0.0294 | GH39: 0.023 | GI39: 0.0204 | GJ39: 0.017 | GK39: 0.0179 | GL39: 0.0172 | GM39: 0.0172 | GN39: 0.0178 | GO39: 0.0173 | GP39: 0.0168 | GQ39: 0.0165 | GR39: 0.0167 | GS39: 0.0171 | GT39: 0.0177 | GU39: 0.0178 | GV39: 0.0177 | GW39: 0.0187 | GX39: 0.0184 | GY39: 0.0178 | GZ39: 0.0215 | HA39: 0.0284 | HB39: 0.0349 | HC39: 0.0403 | HD39: 0.0447 | HE39: 0.0549 | HF39: 0.0644 | HG39: 0.0731 | HH39: 0.0787 | HI39: 0.0839 | HJ39: 0.0841 | HK39: 0.0852 | HL39: 0.0857 | HM39: 0.0854 | HN39: 0.0841 | HO39: 0.0831 | HP39: 0.0822 | HQ39: 0.0822 | HR39: 0.0823 | HS39: 0.0828 | HT39: 0.0845 | HU39: 0.0834 | HV39: 0.0824 | HW39: 0.0768 | HX39: 0.0726 | HY39: 0.0714 | HZ39: 0.0727 | IA39: 0.0719 | IB39: 0.0711 | IC39: 0.0712 | ID39: 0.0716 | IE39: 0.0719 | IF39: 0.0723 | IG39: 0.0736 | IH39: 0.0729 | II39: 0.0725 | IJ39: 0.0718 | IK39: 0.0719 | IL39: 0.0718 | IM39: 0.0717 | IN39: 0.0717 | IO39: 0.072 | IP39: 0.0699 | IQ39: 0.0676 | IR39: 0.0665 | IS39: 0.0665 | IT39: 0.0647 | IU39: 0.0621 | IV39: 0.0611 | IW39: 0.0574 | IX39: 0.0556 | IY39: 0.0529 | IZ39: 0.0533 | JA39: 0.0605 | JB39: 0.0598 | JC39: 0.0609 | JD39: 0.0603 | JE39: 0.058
D40: stopa zmienna i stała do 1 roku o terminie pierwotnym powyżej 1 roku | E40: 38 | F40: M_7;AC:2,BCS:2240,BI:A2A,BRS:S1,CT:PLN,DTM:R,F:M,IBC:N,MO:Y,RA:PL | G40: b.d. | H40: b.d. | I40: b.d. | J40: b.d. | K40: b.d. | L40: b.d. | M40: b.d. | N40: b.d. | O40: b.d. | P40: b.d. | Q40: b.d. | R40: b.d. | S40: b.d. | T40: b.d. | U40: b.d. | V40: b.d. | W40: b.d. | X40: b.d. | Y40: b.d. | Z40: b.d. | AA40: b.d. | AB40: b.d. | AC40: b.d. | AD40: b.d. | AE40: b.d. | AF40: b.d. | AG40: b.d. | AH40: b.d. | AI40: b.d. | AJ40: b.d. | AK40: b.d. | AL40: b.d. | AM40: b.d. | AN40: b.d. | AO40: b.d. | AP40: b.d. | AQ40: b.d. | AR40: b.d. | AS40: b.d. | AT40: b.d. | AU40: b.d. | AV40: b.d. | AW40: b.d. | AX40: b.d. | AY40: b.d. | AZ40: b.d. | BA40: b.d. | BB40: b.d. | BC40: b.d. | BD40: b.d. | BE40: b.d. | BF40: b.d. | BG40: b.d. | BH40: b.d. | BI40: b.d. | BJ40: b.d. | BK40: b.d. | BL40: b.d. | BM40: b.d. | BN40: b.d. | BO40: b.d. | BP40: b.d. | BQ40: b.d. | BR40: b.d. | BS40: b.d. | BT40: 0.0676 | BU40: 0.0673 | BV40: 0.0645 | BW40: 0.0646 | BX40: 0.0632 | BY40: 0.0642 | BZ40: 0.0655 | CA40: 0.0647 | CB40: 0.0679 | CC40: 0.0684 | CD40: 0.0681 | CE40: 0.0699 | CF40: 0.0678 | CG40: 0.0692 | CH40: 0.0699 | CI40: 0.0692 | CJ40: 0.0713 | CK40: 0.0701 | CL40: 0.0707 | CM40: 0.0699 | CN40: 0.07 | CO40: 0.0707 | CP40: 0.0722 | CQ40: 0.0739 | CR40: 0.0682 | CS40: 0.0738 | CT40: 0.0757 | CU40: 0.0747 | CV40: 0.0715 | CW40: 0.0731 | CX40: 0.0715 | CY40: 0.0682 | CZ40: 0.0645 | DA40: 0.0641 | DB40: 0.0604 | DC40: 0.0581 | DD40: 0.0507 | DE40: 0.0532 | DF40: 0.0516 | DG40: 0.0492 | DH40: 0.0494 | DI40: 0.042 | DJ40: 0.0522 | DK40: 0.0504 | DL40: 0.0473 | DM40: 0.0499 | DN40: 0.0482 | DO40: 0.0499 | DP40: 0.0467 | DQ40: 0.0465 | DR40: 0.0485 | DS40: 0.0452 | DT40: 0.0433 | DU40: 0.0381 | DV40: 0.0418 | DW40: 0.0435 | DX40: 0.0404 | DY40: 0.0435 | DZ40: 0.0362 | EA40: 0.0347 | EB40: 0.0384 | EC40: 0.0365 | ED40: 0.0341 | EE40: 0.0387 | EF40: 0.0385 | EG40: 0.0382 | EH40: 0.0333 | EI40: 0.0329 | EJ40: 0.034 | EK40: 0.0343 | EL40: 0.0361 | EM40: 0.0357 | EN40: 0.0346 | EO40: 0.0386 | EP40: 0.0379 | EQ40: 0.0381 | ER40: 0.0395 | ES40: 0.039 | ET40: 0.0391 | EU40: 0.0395 | EV40: 0.0365 | EW40: 0.0377 | EX40: 0.0384 | EY40: 0.0369 | EZ40: 0.0382 | FA40: 0.0389 | FB40: 0.0373 | FC40: 0.0356 | FD40: 0.0389 | FE40: 0.0381 | FF40: 0.0346 | FG40: 0.0366 | FH40: 0.0363 | FI40: 0.033 | FJ40: 0.0354 | FK40: 0.0346 | FL40: 0.0326 | FM40: 0.0355 | FN40: 0.0357 | FO40: 0.0336 | FP40: 0.0361 | FQ40: 0.0341 | FR40: 0.0347 | FS40: 0.0343 | FT40: 0.0361 | FU40: 0.0357 | FV40: 0.0367 | FW40: 0.036 | FX40: 0.0352 | FY40: 0.0356 | FZ40: 0.0337 | GA40: 0.033 | GB40: 0.0346 | GC40: 0.0332 | GD40: 0.0327 | GE40: 0.0336 | GF40: 0.0328 | GG40: 0.0321 | GH40: 0.0264 | GI40: 0.0212 | GJ40: 0.0193 | GK40: 0.0206 | GL40: 0.02 | GM40: 0.0215 | GN40: 0.0207 | GO40: 0.0202 | GP40: 0.0208 | GQ40: 0.0185 | GR40: 0.018 | GS40: 0.0196 | GT40: 0.0198 | GU40: 0.0194 | GV40: 0.0203 | GW40: 0.0204 | GX40: 0.0222 | GY40: 0.0213 | GZ40: 0.0255 | HA40: 0.0312 | HB40: 0.0404 | HC40: 0.0438 | HD40: 0.0461 | HE40: 0.0575 | HF40: 0.0662 | HG40: 0.0777 | HH40: 0.0825 | HI40: 0.0867 | HJ40: 0.0866 | HK40: 0.0889 | HL40: 0.0883 | HM40: 0.0879 | HN40: 0.0866 | HO40: 0.0861 | HP40: 0.0851 | HQ40: 0.0848 | HR40: 0.0845 | HS40: 0.086 | HT40: 0.0873 | HU40: 0.0864 | HV40: 0.0858 | HW40: 0.0798 | HX40: 0.075 | HY40: 0.0741 | HZ40: 0.0764 | IA40: 0.0742 | IB40: 0.0725 | IC40: 0.0729 | ID40: 0.073 | IE40: 0.0738 | IF40: 0.0735 | IG40: 0.0755 | IH40: 0.076 | II40: 0.0748 | IJ40: 0.0735 | IK40: 0.0748 | IL40: 0.0762 | IM40: 0.0743 | IN40: 0.0738 | IO40: 0.0744 | IP40: 0.0718 | IQ40: np. | IR40: np. | IS40: np. | IT40: 0.0698 | IU40: 0.0671 | IV40: 0.0665 | IW40: 0.0625 | IX40: 0.0643 | IY40: np. | IZ40: np. | JA40: 0.0656 | JB40: 0.0646 | JC40: 0.0642 | JD40: 0.0649 | JE40: 0.0607
C41: Kredyty o wysokości od 1 do 4 milionów zł włącznie | D41: stopa zmienna i stała do 3 miesięcy włącznie | E41: 39 | F41: M_7;AC:3,BCS:2240,BI:A2A,BRS:S1,CT:PLN,DTM:R,F:M,IBC:N,MO:D,RA:PL | G41: b.d. | H41: b.d. | I41: b.d. | J41: b.d. | K41: b.d. | L41: b.d. | M41: b.d. | N41: b.d. | O41: b.d. | P41: b.d. | Q41: b.d. | R41: b.d. | S41: b.d. | T41: b.d. | U41: b.d. | V41: b.d. | W41: b.d. | X41: b.d. | Y41: b.d. | Z41: b.d. | AA41: b.d. | AB41: b.d. | AC41: b.d. | AD41: b.d. | AE41: b.d. | AF41: b.d. | AG41: b.d. | AH41: b.d. | AI41: b.d. | AJ41: b.d. | AK41: b.d. | AL41: b.d. | AM41: b.d. | AN41: b.d. | AO41: b.d. | AP41: b.d. | AQ41: b.d. | AR41: b.d. | AS41: b.d. | AT41: b.d. | AU41: b.d. | AV41: b.d. | AW41: b.d. | AX41: b.d. | AY41: b.d. | AZ41: b.d. | BA41: b.d. | BB41: b.d. | BC41: b.d. | BD41: b.d. | BE41: b.d. | BF41: b.d. | BG41: b.d. | BH41: b.d. | BI41: b.d. | BJ41: b.d. | BK41: b.d. | BL41: b.d. | BM41: b.d. | BN41: b.d. | BO41: b.d. | BP41: b.d. | BQ41: b.d. | BR41: b.d. | BS41: b.d. | BT41: 0.0643 | BU41: 0.0663 | BV41: 0.0679 | BW41: 0.0667 | BX41: 0.0626 | BY41: 0.0614 | BZ41: 0.0599 | CA41: 0.066 | CB41: 0.064 | CC41: 0.061 | CD41: 0.0633 | CE41: 0.0657 | CF41: 0.0667 | CG41: 0.0668 | CH41: 0.0662 | CI41: 0.0672 | CJ41: 0.0646 | CK41: 0.0671 | CL41: 0.0669 | CM41: 0.0688 | CN41: 0.0664 | CO41: 0.0681 | CP41: 0.0653 | CQ41: 0.0693 | CR41: 0.0668 | CS41: 0.0685 | CT41: 0.0703 | CU41: 0.0678 | CV41: 0.072 | CW41: 0.0707 | CX41: 0.0625 | CY41: 0.0571 | CZ41: 0.0551 | DA41: 0.0525 | DB41: 0.052 | DC41: 0.0502 | DD41: 0.0478 | DE41: 0.0468 | DF41: 0.046 | DG41: 0.0459 | DH41: 0.0442 | DI41: 0.0434 | DJ41: 0.0434 | DK41: 0.0415 | DL41: 0.0434 | DM41: 0.0454 | DN41: 0.0469 | DO41: 0.0443 | DP41: 0.045 | DQ41: 0.0452 | DR41: 0.047 | DS41: 0.0433 | DT41: 0.0444 | DU41: 0.0372 | DV41: 0.039 | DW41: 0.0382 | DX41: 0.0391 | DY41: 0.0341 | DZ41: 0.0366 | EA41: 0.0336 | EB41: 0.0352 | EC41: 0.039 | ED41: 0.0367 | EE41: 0.0336 | EF41: 0.0361 | EG41: 0.0364 | EH41: 0.0368 | EI41: 0.0335 | EJ41: 0.0322 | EK41: 0.0311 | EL41: 0.0328 | EM41: 0.0325 | EN41: 0.0355 | EO41: 0.038 | EP41: 0.0355 | EQ41: 0.0382 | ER41: 0.0402 | ES41: 0.0377 | ET41: 0.0385 | EU41: 0.0344 | EV41: 0.0352 | EW41: 0.0352 | EX41: 0.0359 | EY41: 0.0358 | EZ41: 0.0394 | FA41: 0.0419 | FB41: 0.0387 | FC41: 0.0402 | FD41: 0.0398 | FE41: 0.037 | FF41: 0.0382 | FG41: 0.0354 | FH41: 0.0385 | FI41: 0.0389 | FJ41: 0.0353 | FK41: 0.0357 | FL41: 0.0349 | FM41: 0.0377 | FN41: 0.0396 | FO41: 0.038 | FP41: 0.0376 | FQ41: 0.0376 | FR41: 0.0394 | FS41: 0.0323 | FT41: 0.0366 | FU41: 0.0415 | FV41: 0.0364 | FW41: 0.039 | FX41: 0.0378 | FY41: 0.0406 | FZ41: 0.0376 | GA41: 0.0397 | GB41: 0.0391 | GC41: 0.0419 | GD41: 0.039 | GE41: 0.0415 | GF41: 0.0403 | GG41: 0.0369 | GH41: 0.0339 | GI41: 0.0301 | GJ41: 0.0237 | GK41: 0.0242 | GL41: 0.0237 | GM41: 0.0235 | GN41: 0.0247 | GO41: 0.023 | GP41: 0.0227 | GQ41: 0.0225 | GR41: 0.0229 | GS41: 0.0246 | GT41: 0.0215 | GU41: 0.0229 | GV41: 0.0249 | GW41: 0.0228 | GX41: 0.0228 | GY41: 0.0212 | GZ41: 0.0251 | HA41: 0.0306 | HB41: 0.044 | HC41: 0.0445 | HD41: 0.0519 | HE41: 0.0608 | HF41: 0.0667 | HG41: 0.0759 | HH41: 0.0826 | HI41: 0.0876 | HJ41: 0.0879 | HK41: 0.0886 | HL41: 0.0889 | HM41: 0.0896 | HN41: 0.0914 | HO41: 0.087 | HP41: 0.0884 | HQ41: 0.0867 | HR41: 0.0885 | HS41: 0.089 | HT41: 0.0882 | HU41: 0.0909 | HV41: 0.0893 | HW41: 0.0829 | HX41: 0.0779 | HY41: 0.0777 | HZ41: 0.0775 | IA41: 0.0782 | IB41: 0.077 | IC41: 0.0784 | ID41: 0.0784 | IE41: 0.0803 | IF41: 0.0783 | IG41: 0.0788 | IH41: 0.0779 | II41: 0.0794 | IJ41: 0.0801 | IK41: 0.078 | IL41: 0.0807 | IM41: 0.0778 | IN41: 0.0806 | IO41: 0.0803 | IP41: 0.0772 | IQ41: 0.074 | IR41: 0.0735 | IS41: 0.0708 | IT41: 0.0683 | IU41: 0.0663 | IV41: 0.0639 | IW41: 0.0607 | IX41: 0.0603 | IY41: 0.0589 | IZ41: 0.0585 | JA41: 0.0604 | JB41: 0.0562 | JC41: 0.0558 | JD41: 0.0575 | JE41: 0.0565
D42: stopa stała od 3 miesięcy do 1 roku włącznie | E42: 40 | F42: M_7;AC:3,BCS:2240,BI:A2A,BRS:S1,CT:PLN,DTM:R,F:M,IBC:N,MO:Q,RA:PL | G42: b.d. | H42: b.d. | I42: b.d. | J42: b.d. | K42: b.d. | L42: b.d. | M42: b.d. | N42: b.d. | O42: b.d. | P42: b.d. | Q42: b.d. | R42: b.d. | S42: b.d. | T42: b.d. | U42: b.d. | V42: b.d. | W42: b.d. | X42: b.d. | Y42: b.d. | Z42: b.d. | AA42: b.d. | AB42: b.d. | AC42: b.d. | AD42: b.d. | AE42: b.d. | AF42: b.d. | AG42: b.d. | AH42: b.d. | AI42: b.d. | AJ42: b.d. | AK42: b.d. | AL42: b.d. | AM42: b.d. | AN42: b.d. | AO42: b.d. | AP42: b.d. | AQ42: b.d. | AR42: b.d. | AS42: b.d. | AT42: b.d. | AU42: b.d. | AV42: b.d. | AW42: b.d. | AX42: b.d. | AY42: b.d. | AZ42: b.d. | BA42: b.d. | BB42: b.d. | BC42: b.d. | BD42: b.d. | BE42: b.d. | BF42: b.d. | BG42: b.d. | BH42: b.d. | BI42: b.d. | BJ42: b.d. | BK42: b.d. | BL42: b.d. | BM42: b.d. | BN42: b.d. | BO42: b.d. | BP42: b.d. | BQ42: b.d. | BR42: b.d. | BS42: b.d. | BT42: 0.0642 | BU42: 0.0643 | BV42: 0.0627 | BW42: 0.0673 | BX42: 0.0643 | BY42: 0.0635 | BZ42: 0.0573 | CA42: 0.0536 | CB42: 0.0626 | CC42: np. | CD42: 0.0585 | CE42: 0.0634 | CF42: 0.0637 | CG42: 0.0662 | CH42: 0.063 | CI42: 0.0612 | CJ42: 0.0629 | CK42: 0.0648 | CL42: 0.0622 | CM42: 0.0599 | CN42: 0.0628 | CO42: 0.0631 | CP42: 0.0711 | CQ42: 0.0665 | CR42: 0.0705 | CS42: np. | CT42: 0.0671 | CU42: np. | CV42: 0.0631 | CW42: np. | CX42: 0.0591 | CY42: np. | CZ42: 0.0548 | DA42: 0.051 | DB42: 0.0453 | DC42: 0.0462 | DD42: 0.0453 | DE42: 0.0418 | DF42: 0.0389 | DG42: 0.0411 | DH42: 0.0411 | DI42: 0.0382 | DJ42: 0.0408 | DK42: 0.0375 | DL42: 0.0361 | DM42: 0.0441 | DN42: 0.0404 | DO42: 0.043 | DP42: 0.0417 | DQ42: 0.0406 | DR42: 0.0424 | DS42: 0.0412 | DT42: 0.0351 | DU42: 0.0372 | DV42: 0.04 | DW42: np. | DX42: 0.0417 | DY42: 0.0394 | DZ42: np. | EA42: 0.0279 | EB42: 0.0345 | EC42: np. | ED42: 0.036 | EE42: np. | EF42: 0.0334 | EG42: 0.0366 | EH42: 0.0324 | EI42: np. | EJ42: np. | EK42: np. | EL42: np. | EM42: np. | EN42: 0.0334 | EO42: np. | EP42: np. | EQ42: 0.0355 | ER42: np. | ES42: np. | ET42: 0.0361 | EU42: np. | EV42: 0.0348 | EW42: 0.035 | EX42: np. | EY42: 0.0337 | EZ42: 0.0326 | FA42: 0.0354 | FB42: 0.0338 | FC42: 0.0375 | FD42: np. | FE42: np. | FF42: np. | FG42: 0.0337 | FH42: 0.0326 | FI42: np. | FJ42: 0.0342 | FK42: 0.0352 | FL42: 0.0347 | FM42: 0.0355 | FN42: 0.0339 | FO42: 0.0366 | FP42: 0.0334 | FQ42: 0.039 | FR42: 0.0329 | FS42: np. | FT42: 0.0329 | FU42: 0.0352 | FV42: 0.032 | FW42: 0.0326 | FX42: 0.0358 | FY42: 0.0313 | FZ42: 0.0332 | GA42: 0.0313 | GB42: 0.034 | GC42: 0.0321 | GD42: 0.0353 | GE42: 0.0358 | GF42: 0.0344 | GG42: 0.0336 | GH42: 0.0236 | GI42: 0.023 | GJ42: 0.0243 | GK42: 0.0204 | GL42: 0.0207 | GM42: 0.0268 | GN42: 0.0197 | GO42: 0.0168 | GP42: np. | GQ42: np. | GR42: np. | GS42: 0.0184 | GT42: np. | GU42: np. | GV42: np. | GW42: np. | GX42: 0.0257 | GY42: 0.0212 | GZ42: 0.0212 | HA42: 0.037 | HB42: np. | HC42: np. | HD42: 0.0457 | HE42: 0.0572 | HF42: np. | HG42: np. | HH42: np. | HI42: np. | HJ42: 0.0869 | HK42: 0.0937 | HL42: 0.0934 | HM42: 0.0933 | HN42: 0.0903 | HO42: np. | HP42: np. | HQ42: np. | HR42: np. | HS42: np. | HT42: np. | HU42: np. | HV42: np. | HW42: 0.0793 | HX42: np. | HY42: np. | HZ42: np. | IA42: np. | IB42: np. | IC42: np. | ID42: np. | IE42: np. | IF42: np. | IG42: np. | IH42: np. | II42: np. | IJ42: np. | IK42: np. | IL42: np. | IM42: np. | IN42: np. | IO42: np. | IP42: np. | IQ42: np. | IR42: np. | IS42: np. | IT42: np. | IU42: np. | IV42: np. | IW42: np. | IX42: np. | IY42: np. | IZ42: np. | JA42: 0.0563 | JB42: np. | JC42: np. | JD42: np. | JE42: np.
D43: stopa stała powyżej 1 roku | E43: 41 | F43: M_7;AC:3,BCS:2240,BI:A2A,BRS:S1,CT:PLN,DTM:R,F:M,IBC:N,MO:K,RA:PL | G43: b.d. | H43: b.d. | I43: b.d. | J43: b.d. | K43: b.d. | L43: b.d. | M43: b.d. | N43: b.d. | O43: b.d. | P43: b.d. | Q43: b.d. | R43: b.d. | S43: b.d. | T43: b.d. | U43: b.d. | V43: b.d. | W43: b.d. | X43: b.d. | Y43: b.d. | Z43: b.d. | AA43: b.d. | AB43: b.d. | AC43: b.d. | AD43: b.d. | AE43: b.d. | AF43: b.d. | AG43: b.d. | AH43: b.d. | AI43: b.d. | AJ43: b.d. | AK43: b.d. | AL43: b.d. | AM43: b.d. | AN43: b.d. | AO43: b.d. | AP43: b.d. | AQ43: b.d. | AR43: b.d. | AS43: b.d. | AT43: b.d. | AU43: b.d. | AV43: b.d. | AW43: b.d. | AX43: b.d. | AY43: b.d. | AZ43: b.d. | BA43: b.d. | BB43: b.d. | BC43: b.d. | BD43: b.d. | BE43: b.d. | BF43: b.d. | BG43: b.d. | BH43: b.d. | BI43: b.d. | BJ43: b.d. | BK43: b.d. | BL43: b.d. | BM43: b.d. | BN43: b.d. | BO43: b.d. | BP43: b.d. | BQ43: b.d. | BR43: b.d. | BS43: b.d. | BT43: 0.0577 | BU43: 0.0665 | BV43: - | BW43: - | BX43: 0.0569 | BY43: 0.0606 | BZ43: 0.0585 | CA43: np. | CB43: np. | CC43: np. | CD43: np. | CE43: np. | CF43: np. | CG43: np. | CH43: np. | CI43: np. | CJ43: np. | CK43: np. | CL43: np. | CM43: - | CN43: np. | CO43: np. | CP43: np. | CQ43: np. | CR43: np. | CS43: - | CT43: np. | CU43: 0.0537 | CV43: np. | CW43: np. | CX43: np. | CY43: np. | CZ43: - | DA43: np. | DB43: - | DC43: np. | DD43: - | DE43: 0.046 | DF43: np. | DG43: np. | DH43: np. | DI43: np. | DJ43: np. | DK43: - | DL43: np. | DM43: np. | DN43: np. | DO43: - | DP43: np. | DQ43: np. | DR43: np. | DS43: np. | DT43: np. | DU43: - | DV43: np. | DW43: np. | DX43: np. | DY43: np. | DZ43: np. | EA43: np. | EB43: np. | EC43: np. | ED43: np. | EE43: np. | EF43: np. | EG43: 0.0375 | EH43: np. | EI43: np. | EJ43: np. | EK43: np. | EL43: np. | EM43: np. | EN43: np. | EO43: np. | EP43: np. | EQ43: np. | ER43: 0.033 | ES43: np. | ET43: np. | EU43: np. | EV43: np. | EW43: np. | EX43: np. | EY43: 0.0329 | EZ43: np. | FA43: np. | FB43: np. | FC43: np. | FD43: np. | FE43: np. | FF43: np. | FG43: 0.0421 | FH43: np. | FI43: np. | FJ43: np. | FK43: np. | FL43: np. | FM43: 0.0428 | FN43: - | FO43: 0.039 | FP43: np. | FQ43: np. | FR43: np. | FS43: np. | FT43: np. | FU43: np. | FV43: np. | FW43: 0.0321 | FX43: 0.0302 | FY43: np. | FZ43: np. | GA43: np. | GB43: 0.0326 | GC43: 0.0417 | GD43: 0.0323 | GE43: 0.0342 | GF43: np. | GG43: np. | GH43: np. | GI43: np. | GJ43: 0.0219 | GK43: 0.0226 | GL43: 0.0197 | GM43: np. | GN43: 0.0128 | GO43: 0.011 | GP43: 0.0161 | GQ43: 0.0053 | GR43: np. | GS43: np. | GT43: np. | GU43: np. | GV43: np. | GW43: np. | GX43: np. | GY43: 0.0269 | GZ43: np. | HA43: np. | HB43: np. | HC43: np. | HD43: np. | HE43: 0.0214 | HF43: 0.0277 | HG43: 0.0502 | HH43: 0.0931 | HI43: 0.1043 | HJ43: 0.0688 | HK43: np. | HL43: np. | HM43: - | HN43: - | HO43: np. | HP43: - | HQ43: - | HR43: - | HS43: np. | HT43: 0.0665 | HU43: np. | HV43: np. | HW43: 0.0808 | HX43: - | HY43: np. | HZ43: np. | IA43: np. | IB43: - | IC43: 0.0538 | ID43: np. | IE43: np. | IF43: np. | IG43: 0.0435 | IH43: - | II43: - | IJ43: - | IK43: np. | IL43: np. | IM43: np. | IN43: - | IO43: np. | IP43: np. | IQ43: np. | IR43: np. | IS43: np. | IT43: 0.0478 | IU43: np. | IV43: 0.0799 | IW43: np. | IX43: 0.0664 | IY43: np. | IZ43: np. | JA43: np. | JB43: np. | JC43: np. | JD43: np. | JE43: np.
D44: ogółem | E44: 42 | F44: M_7;AC:3,BCS:2240,BI:A2A,BRS:S1,CT:PLN,DTM:R,F:M,IBC:N,MO:A,RA:PL | G44: b.d. | H44: b.d. | I44: b.d. | J44: b.d. | K44: b.d. | L44: b.d. | M44: b.d. | N44: b.d. | O44: b.d. | P44: b.d. | Q44: b.d. | R44: b.d. | S44: b.d. | T44: b.d. | U44: b.d. | V44: b.d. | W44: b.d. | X44: b.d. | Y44: b.d. | Z44: b.d. | AA44: b.d. | AB44: b.d. | AC44: b.d. | AD44: b.d. | AE44: b.d. | AF44: b.d. | AG44: b.d. | AH44: b.d. | AI44: b.d. | AJ44: b.d. | AK44: b.d. | AL44: b.d. | AM44: b.d. | AN44: b.d. | AO44: b.d. | AP44: b.d. | AQ44: b.d. | AR44: b.d. | AS44: b.d. | AT44: b.d. | AU44: b.d. | AV44: b.d. | AW44: b.d. | AX44: b.d. | AY44: b.d. | AZ44: b.d. | BA44: b.d. | BB44: b.d. | BC44: b.d. | BD44: b.d. | BE44: b.d. | BF44: b.d. | BG44: b.d. | BH44: b.d. | BI44: b.d. | BJ44: b.d. | BK44: b.d. | BL44: b.d. | BM44: b.d. | BN44: b.d. | BO44: b.d. | BP44: b.d. | BQ44: b.d. | BR44: b.d. | BS44: b.d. | BT44: 0.0643 | BU44: 0.0662 | BV44: 0.0675 | BW44: 0.0667 | BX44: 0.0628 | BY44: 0.0615 | BZ44: 0.0597 | CA44: 0.065 | CB44: 0.0637 | CC44: 0.0602 | CD44: 0.063 | CE44: 0.0655 | CF44: 0.0666 | CG44: 0.0667 | CH44: 0.066 | CI44: 0.0668 | CJ44: 0.0647 | CK44: 0.0669 | CL44: 0.0666 | CM44: 0.068 | CN44: 0.0663 | CO44: 0.0679 | CP44: 0.0658 | CQ44: 0.0693 | CR44: 0.067 | CS44: 0.0686 | CT44: 0.0702 | CU44: 0.0676 | CV44: 0.0718 | CW44: 0.0699 | CX44: 0.0623 | CY44: 0.0568 | CZ44: 0.0551 | DA44: 0.0523 | DB44: 0.0514 | DC44: 0.0499 | DD44: 0.0476 | DE44: 0.0464 | DF44: 0.0453 | DG44: 0.0453 | DH44: 0.044 | DI44: 0.0431 | DJ44: 0.0432 | DK44: 0.0412 | DL44: 0.0432 | DM44: 0.0453 | DN44: 0.0464 | DO44: 0.0443 | DP44: 0.0448 | DQ44: 0.0449 | DR44: 0.0468 | DS44: 0.0432 | DT44: 0.044 | DU44: 0.0372 | DV44: 0.039 | DW44: 0.0382 | DX44: 0.0392 | DY44: 0.0343 | DZ44: 0.0367 | EA44: 0.0336 | EB44: 0.0353 | EC44: 0.0389 | ED44: 0.0367 | EE44: 0.0336 | EF44: 0.0359 | EG44: 0.0364 | EH44: 0.0366 | EI44: 0.0335 | EJ44: 0.0323 | EK44: 0.0312 | EL44: 0.0328 | EM44: 0.0323 | EN44: 0.0355 | EO44: 0.0379 | EP44: 0.0353 | EQ44: 0.038 | ER44: 0.0399 | ES44: 0.0372 | ET44: 0.0382 | EU44: 0.0342 | EV44: 0.0354 | EW44: 0.0352 | EX44: 0.0359 | EY44: 0.0357 | EZ44: 0.0391 | FA44: 0.0415 | FB44: 0.0385 | FC44: 0.0401 | FD44: 0.0396 | FE44: 0.037 | FF44: 0.0382 | FG44: 0.0355 | FH44: 0.0383 | FI44: 0.0389 | FJ44: 0.0352 | FK44: 0.0356 | FL44: 0.0346 | FM44: 0.0377 | FN44: 0.0394 | FO44: 0.038 | FP44: 0.0374 | FQ44: 0.0377 | FR44: 0.0392 | FS44: 0.0323 | FT44: 0.0364 | FU44: 0.0412 | FV44: 0.0362 | FW44: 0.0386 | FX44: 0.0376 | FY44: 0.04 | FZ44: 0.0374 | GA44: 0.0395 | GB44: 0.0388 | GC44: 0.0411 | GD44: 0.0387 | GE44: 0.0412 | GF44: 0.0398 | GG44: 0.0367 | GH44: 0.0334 | GI44: 0.0296 | GJ44: 0.0237 | GK44: 0.024 | GL44: 0.0235 | GM44: 0.0237 | GN44: 0.0242 | GO44: 0.0224 | GP44: 0.0223 | GQ44: 0.0217 | GR44: 0.0226 | GS44: 0.0244 | GT44: 0.0214 | GU44: 0.0227 | GV44: 0.0248 | GW44: 0.0227 | GX44: 0.0228 | GY44: 0.0212 | GZ44: 0.025 | HA44: 0.0309 | HB44: 0.0436 | HC44: 0.0439 | HD44: 0.0517 | HE44: 0.0602 | HF44: 0.0659 | HG44: 0.0753 | HH44: 0.0831 | HI44: 0.0882 | HJ44: 0.0872 | HK44: 0.0888 | HL44: 0.0891 | HM44: 0.0896 | HN44: 0.0913 | HO44: 0.0871 | HP44: 0.0885 | HQ44: 0.0868 | HR44: 0.0886 | HS44: 0.089 | HT44: 0.0881 | HU44: 0.0908 | HV44: 0.0889 | HW44: 0.0826 | HX44: 0.0777 | HY44: 0.0778 | HZ44: 0.0776 | IA44: 0.0784 | IB44: 0.0772 | IC44: 0.0779 | ID44: 0.0782 | IE44: 0.08 | IF44: 0.0782 | IG44: 0.0787 | IH44: 0.0776 | II44: 0.0794 | IJ44: 0.0798 | IK44: 0.0779 | IL44: 0.0801 | IM44: 0.0772 | IN44: 0.08 | IO44: 0.0799 | IP44: 0.0769 | IQ44: 0.0738 | IR44: 0.073 | IS44: 0.0703 | IT44: 0.068 | IU44: 0.0662 | IV44: 0.064 | IW44: 0.0607 | IX44: 0.0602 | IY44: 0.0584 | IZ44: 0.0583 | JA44: 0.0601 | JB44: 0.0559 | JC44: 0.0557 | JD44: 0.0572 | JE44: 0.0564
D45: stopa zmienna i stała do 1 roku o terminie pierwotnym powyżej 1 roku | E45: 43 | F45: M_7;AC:3,BCS:2240,BI:A2A,BRS:S1,CT:PLN,DTM:R,F:M,IBC:N,MO:Y,RA:PL | G45: b.d. | H45: b.d. | I45: b.d. | J45: b.d. | K45: b.d. | L45: b.d. | M45: b.d. | N45: b.d. | O45: b.d. | P45: b.d. | Q45: b.d. | R45: b.d. | S45: b.d. | T45: b.d. | U45: b.d. | V45: b.d. | W45: b.d. | X45: b.d. | Y45: b.d. | Z45: b.d. | AA45: b.d. | AB45: b.d. | AC45: b.d. | AD45: b.d. | AE45: b.d. | AF45: b.d. | AG45: b.d. | AH45: b.d. | AI45: b.d. | AJ45: b.d. | AK45: b.d. | AL45: b.d. | AM45: b.d. | AN45: b.d. | AO45: b.d. | AP45: b.d. | AQ45: b.d. | AR45: b.d. | AS45: b.d. | AT45: b.d. | AU45: b.d. | AV45: b.d. | AW45: b.d. | AX45: b.d. | AY45: b.d. | AZ45: b.d. | BA45: b.d. | BB45: b.d. | BC45: b.d. | BD45: b.d. | BE45: b.d. | BF45: b.d. | BG45: b.d. | BH45: b.d. | BI45: b.d. | BJ45: b.d. | BK45: b.d. | BL45: b.d. | BM45: b.d. | BN45: b.d. | BO45: b.d. | BP45: b.d. | BQ45: b.d. | BR45: b.d. | BS45: b.d. | BT45: 0.0667 | BU45: 0.0669 | BV45: 0.0696 | BW45: 0.0659 | BX45: 0.0643 | BY45: 0.0639 | BZ45: 0.0627 | CA45: 0.0658 | CB45: 0.0676 | CC45: 0.0666 | CD45: 0.0667 | CE45: 0.0671 | CF45: 0.0715 | CG45: 0.0704 | CH45: 0.0694 | CI45: 0.071 | CJ45: 0.0686 | CK45: 0.0716 | CL45: 0.0725 | CM45: 0.0698 | CN45: 0.0695 | CO45: 0.0734 | CP45: 0.0688 | CQ45: 0.0714 | CR45: 0.0692 | CS45: 0.072 | CT45: 0.0735 | CU45: 0.0707 | CV45: 0.0754 | CW45: 0.0729 | CX45: 0.0669 | CY45: 0.064 | CZ45: 0.0611 | DA45: 0.0572 | DB45: 0.0544 | DC45: 0.0527 | DD45: 0.0505 | DE45: 0.0478 | DF45: 0.0467 | DG45: 0.0477 | DH45: 0.046 | DI45: 0.0449 | DJ45: 0.0476 | DK45: 0.0446 | DL45: 0.0482 | DM45: 0.0492 | DN45: 0.0479 | DO45: 0.0474 | DP45: 0.0474 | DQ45: 0.0475 | DR45: 0.0464 | DS45: 0.0458 | DT45: 0.0437 | DU45: 0.0416 | DV45: 0.042 | DW45: 0.0475 | DX45: 0.0434 | DY45: 0.0393 | DZ45: 0.0385 | EA45: 0.0382 | EB45: 0.0351 | EC45: 0.0413 | ED45: 0.038 | EE45: 0.0367 | EF45: 0.0388 | EG45: 0.0386 | EH45: 0.0407 | EI45: 0.0387 | EJ45: 0.0361 | EK45: 0.0357 | EL45: 0.0385 | EM45: 0.0391 | EN45: 0.0396 | EO45: 0.0447 | EP45: 0.0403 | EQ45: 0.0432 | ER45: 0.0483 | ES45: 0.0447 | ET45: 0.0417 | EU45: 0.0381 | EV45: 0.0392 | EW45: 0.0389 | EX45: 0.0435 | EY45: 0.0393 | EZ45: 0.0458 | FA45: 0.0491 | FB45: 0.0436 | FC45: 0.0433 | FD45: 0.0431 | FE45: 0.0384 | FF45: 0.0422 | FG45: 0.0395 | FH45: 0.042 | FI45: 0.0427 | FJ45: 0.0392 | FK45: 0.0393 | FL45: 0.0404 | FM45: 0.0435 | FN45: 0.0469 | FO45: 0.0425 | FP45: 0.0426 | FQ45: 0.0435 | FR45: 0.0449 | FS45: 0.039 | FT45: 0.0455 | FU45: 0.0483 | FV45: 0.0426 | FW45: 0.0434 | FX45: 0.042 | FY45: 0.0469 | FZ45: 0.0447 | GA45: 0.0449 | GB45: 0.0424 | GC45: 0.0479 | GD45: 0.0435 | GE45: 0.0463 | GF45: 0.0464 | GG45: 0.0419 | GH45: 0.0403 | GI45: 0.0357 | GJ45: 0.032 | GK45: 0.0304 | GL45: 0.0321 | GM45: 0.0299 | GN45: 0.0297 | GO45: 0.0287 | GP45: 0.0275 | GQ45: 0.029 | GR45: 0.0292 | GS45: 0.0298 | GT45: 0.0272 | GU45: 0.03 | GV45: 0.0312 | GW45: 0.0309 | GX45: 0.0274 | GY45: 0.0257 | GZ45: 0.0316 | HA45: 0.0345 | HB45: 0.051 | HC45: 0.0487 | HD45: 0.0592 | HE45: 0.0666 | HF45: 0.0671 | HG45: 0.0795 | HH45: 0.0863 | HI45: 0.0905 | HJ45: 0.0925 | HK45: 0.0915 | HL45: 0.0906 | HM45: 0.0927 | HN45: 0.0941 | HO45: 0.0889 | HP45: 0.0909 | HQ45: 0.0901 | HR45: 0.0912 | HS45: 0.0944 | HT45: 0.0905 | HU45: 0.0971 | HV45: 0.0948 | HW45: 0.0879 | HX45: 0.0806 | HY45: 0.0801 | HZ45: 0.0794 | IA45: 0.0822 | IB45: 0.0792 | IC45: 0.0797 | ID45: 0.0798 | IE45: 0.0822 | IF45: 0.0802 | IG45: 0.0808 | IH45: 0.079 | II45: 0.0823 | IJ45: 0.0837 | IK45: 0.0795 | IL45: 0.0852 | IM45: 0.0782 | IN45: 0.0841 | IO45: 0.0834 | IP45: 0.0812 | IQ45: 0.0777 | IR45: 0.0761 | IS45: 0.0728 | IT45: 0.0707 | IU45: 0.0683 | IV45: 0.065 | IW45: 0.062 | IX45: 0.065 | IY45: 0.0604 | IZ45: 0.0589 | JA45: 0.062 | JB45: 0.0558 | JC45: 0.0553 | JD45: 0.0582 | JE45: 0.0566
C46: Kredyty o wysokości powyżej 4 milionów zł | D46: stopa zmienna i stała do 3 miesięcy włącznie | E46: 44 | F46: M_7;AC:1,BCS:2240,BI:A2A,BRS:S1,CT:PLN,DTM:R,F:M,IBC:N,MO:D,RA:PL | G46: 0.0811 | H46: 0.0775 | I46: 0.0747 | J46: 0.0681 | K46: 0.0678 | L46: 0.0654 | M46: 0.0615 | N46: 0.0626 | O46: 0.0637 | P46: 0.073 | Q46: 0.0608 | R46: 0.0631 | S46: 0.0581 | T46: 0.0541 | U46: 0.056 | V46: 0.0578 | W46: 0.0549 | X46: 0.055 | Y46: 0.0555 | Z46: 0.0567 | AA46: 0.0568 | AB46: 0.0554 | AC46: 0.0586 | AD46: 0.0545 | AE46: 0.0571 | AF46: 0.0578 | AG46: 0.0558 | AH46: 0.0589 | AI46: 0.0581 | AJ46: 0.0592 | AK46: 0.0639 | AL46: 0.0613 | AM46: 0.0655 | AN46: 0.063 | AO46: 0.066 | AP46: 0.0719 | AQ46: 0.0684 | AR46: 0.0714 | AS46: 0.0728 | AT46: 0.0779 | AU46: 0.0775 | AV46: 0.0834 | AW46: 0.0806 | AX46: 0.0808 | AY46: 0.083 | AZ46: 0.0826 | BA46: 0.0845 | BB46: 0.0829 | BC46: 0.0777 | BD46: 0.0702 | BE46: 0.0625 | BF46: 0.0622 | BG46: 0.066 | BH46: 0.0677 | BI46: 0.064 | BJ46: 0.0627 | BK46: 0.065 | BL46: 0.0627 | BM46: 0.0627 | BN46: 0.0642 | BO46: 0.0656 | BP46: 0.0659 | BQ46: 0.0674 | BR46: 0.0655 | BS46: 0.0645 | BT46: 0.0569 | BU46: 0.0555 | BV46: 0.0584 | BW46: 0.0542 | BX46: 0.0561 | BY46: 0.0534 | BZ46: 0.0566 | CA46: 0.0592 | CB46: 0.0617 | CC46: 0.0571 | CD46: 0.0634 | CE46: 0.0601 | CF46: 0.0647 | CG46: 0.0634 | CH46: 0.0655 | CI46: 0.0639 | CJ46: 0.0635 | CK46: 0.0773 | CL46: 0.0657 | CM46: 0.0672 | CN46: 0.0631 | CO46: 0.0612 | CP46: 0.0654 | CQ46: 0.0685 | CR46: 0.0655 | CS46: 0.0675 | CT46: 0.0643 | CU46: 0.0656 | CV46: 0.0672 | CW46: 0.0658 | CX46: 0.0587 | CY46: 0.0606 | CZ46: 0.0541 | DA46: 0.0505 | DB46: 0.0492 | DC46: 0.0489 | DD46: 0.0521 | DE46: 0.0471 | DF46: 0.0462 | DG46: 0.0424 | DH46: 0.0458 | DI46: 0.0425 | DJ46: 0.0444 | DK46: 0.0396 | DL46: 0.0478 | DM46: 0.0415 | DN46: 0.0461 | DO46: 0.0433 | DP46: 0.0412 | DQ46: 0.0455 | DR46: 0.0432 | DS46: 0.0384 | DT46: 0.041 | DU46: 0.0376 | DV46: 0.0323 | DW46: 0.0348 | DX46: 0.036 | DY46: 0.0304 | DZ46: 0.0368 | EA46: 0.0355 | EB46: 0.036 | EC46: 0.0345 | ED46: 0.0354 | EE46: 0.0356 | EF46: 0.0365 | EG46: 0.0357 | EH46: 0.0369 | EI46: 0.0335 | EJ46: 0.0343 | EK46: 0.0328 | EL46: 0.0371 | EM46: 0.0372 | EN46: 0.0388 | EO46: 0.0397 | EP46: 0.0362 | EQ46: 0.0396 | ER46: 0.0392 | ES46: 0.0361 | ET46: 0.0368 | EU46: 0.0393 | EV46: 0.041 | EW46: 0.0407 | EX46: 0.0414 | EY46: 0.038 | EZ46: 0.0393 | FA46: 0.0359 | FB46: 0.0413 | FC46: 0.0415 | FD46: 0.0404 | FE46: 0.0397 | FF46: 0.038 | FG46: 0.038 | FH46: 0.0405 | FI46: 0.0377 | FJ46: 0.0406 | FK46: 0.0406 | FL46: 0.0394 | FM46: 0.0411 | FN46: 0.0398 | FO46: 0.0359 | FP46: 0.0401 | FQ46: 0.0391 | FR46: 0.0361 | FS46: 0.0423 | FT46: 0.0409 | FU46: 0.0432 | FV46: 0.0405 | FW46: 0.0394 | FX46: 0.034 | FY46: 0.0425 | FZ46: 0.0404 | GA46: 0.0383 | GB46: 0.0356 | GC46: 0.0383 | GD46: 0.0397 | GE46: 0.0377 | GF46: 0.0375 | GG46: 0.039 | GH46: 0.0288 | GI46: 0.0341 | GJ46: 0.027 | GK46: 0.0272 | GL46: 0.027 | GM46: 0.0317 | GN46: 0.0287 | GO46: 0.0245 | GP46: 0.0319 | GQ46: 0.0239 | GR46: 0.0249 | GS46: 0.0231 | GT46: 0.0232 | GU46: 0.0266 | GV46: 0.0267 | GW46: 0.0245 | GX46: 0.0236 | GY46: 0.0245 | GZ46: 0.0248 | HA46: 0.032 | HB46: 0.0383 | HC46: 0.0434 | HD46: 0.0479 | HE46: 0.0605 | HF46: 0.0662 | HG46: 0.0773 | HH46: 0.0858 | HI46: 0.0896 | HJ46: 0.0907 | HK46: 0.0946 | HL46: 0.091 | HM46: 0.0938 | HN46: 0.0897 | HO46: 0.0966 | HP46: 0.0889 | HQ46: 0.0936 | HR46: 0.0918 | HS46: 0.0975 | HT46: 0.093 | HU46: 0.0914 | HV46: 0.0893 | HW46: 0.0836 | HX46: 0.0792 | HY46: 0.0801 | HZ46: 0.0804 | IA46: 0.0825 | IB46: 0.0807 | IC46: 0.0793 | ID46: 0.0808 | IE46: 0.0797 | IF46: 0.0793 | IG46: 0.0773 | IH46: 0.0763 | II46: 0.077 | IJ46: 0.0777 | IK46: 0.078 | IL46: 0.0782 | IM46: 0.079 | IN46: 0.0784 | IO46: 0.0792 | IP46: 0.0751 | IQ46: 0.0752 | IR46: 0.0732 | IS46: 0.0703 | IT46: 0.0723 | IU46: 0.068 | IV46: 0.0674 | IW46: 0.0617 | IX46: 0.0594 | IY46: 0.0574 | IZ46: 0.0555 | JA46: 0.0557 | JB46: 0.0573 | JC46: 0.054 | JD46: 0.0561 | JE46: 0.058
D47: stopa stała od 3 miesięcy do 1 roku włącznie | E47: 45 | F47: M_7;AC:1,BCS:2240,BI:A2A,BRS:S1,CT:PLN,DTM:R,F:M,IBC:N,MO:Q,RA:PL | G47: 0.0747 | H47: 0.0732 | I47: 0.0741 | J47: 0.066 | K47: 0.0669 | L47: 0.0594 | M47: 0.0564 | N47: 0.0596 | O47: 0.053 | P47: 0.0533 | Q47: 0.0498 | R47: 0.0556 | S47: 0.0583 | T47: 0.0457 | U47: 0.0499 | V47: 0.0484 | W47: 0.0529 | X47: 0.0523 | Y47: 0.0478 | Z47: 0.0499 | AA47: 0.0466 | AB47: 0.0537 | AC47: 0.0495 | AD47: 0.0504 | AE47: 0.048 | AF47: 0.0494 | AG47: 0.0536 | AH47: 0.0526 | AI47: 0.0518 | AJ47: 0.0541 | AK47: 0.0582 | AL47: 0.0532 | AM47: 0.0587 | AN47: 0.0591 | AO47: 0.0624 | AP47: 0.0721 | AQ47: 0.0687 | AR47: 0.0692 | AS47: 0.066 | AT47: 0.071 | AU47: 0.069 | AV47: 0.0774 | AW47: 0.0816 | AX47: 0.085 | AY47: 0.0843 | AZ47: 0.0769 | BA47: 0.0818 | BB47: 0.0774 | BC47: 0.0664 | BD47: 0.0701 | BE47: 0.0703 | BF47: 0.0605 | BG47: 0.0666 | BH47: 0.0716 | BI47: 0.0758 | BJ47: 0.0701 | BK47: 0.0686 | BL47: 0.063 | BM47: 0.063 | BN47: 0.075 | BO47: 0.0703 | BP47: 0.0741 | BQ47: 0.0646 | BR47: 0.064 | BS47: 0.0631 | BT47: 0.074 | BU47: 0.0771 | BV47: 0.0783 | BW47: 0.0606 | BX47: 0.069 | BY47: 0.0751 | BZ47: 0.0661 | CA47: np. | CB47: np. | CC47: np. | CD47: np. | CE47: 0.0729 | CF47: np. | CG47: 0.0773 | CH47: 0.0757 | CI47: 0.0743 | CJ47: np. | CK47: 0.0858 | CL47: 0.0669 | CM47: 0.0763 | CN47: np. | CO47: np. | CP47: np. | CQ47: 0.0739 | CR47: np. | CS47: 0.0695 | CT47: 0.0807 | CU47: 0.0731 | CV47: 0.0759 | CW47: 0.0713 | CX47: 0.0708 | CY47: np. | CZ47: 0.0704 | DA47: np. | DB47: 0.0558 | DC47: 0.049 | DD47: 0.0542 | DE47: 0.0529 | DF47: np. | DG47: 0.0501 | DH47: 0.0416 | DI47: np. | DJ47: np. | DK47: 0.0488 | DL47: 0.0547 | DM47: np. | DN47: np. | DO47: 0.0437 | DP47: np. | DQ47: 0.041 | DR47: np. | DS47: 0.0413 | DT47: np. | DU47: 0.0359 | DV47: 0.0462 | DW47: np. | DX47: np. | DY47: np. | DZ47: np. | EA47: 0.0421 | EB47: 0.0396 | EC47: np. | ED47: 0.0382 | EE47: np. | EF47: np. | EG47: 0.0374 | EH47: 0.0451 | EI47: np. | EJ47: np. | EK47: np. | EL47: np. | EM47: np. | EN47: np. | EO47: np. | EP47: np. | EQ47: 0.0286 | ER47: np. | ES47: np. | ET47: np. | EU47: 0.0402 | EV47: np. | EW47: 0.0313 | EX47: np. | EY47: np. | EZ47: 0.0407 | FA47: 0.0409 | FB47: np. | FC47: 0.0476 | FD47: np. | FE47: np. | FF47: np. | FG47: np. | FH47: np. | FI47: np. | FJ47: 0.0325 | FK47: np. | FL47: 0.0317 | FM47: 0.035 | FN47: 0.034 | FO47: 0.034 | FP47: np. | FQ47: np. | FR47: 0.0358 | FS47: np. | FT47: 0.0396 | FU47: np. | FV47: np. | FW47: np. | FX47: 0.0385 | FY47: np. | FZ47: np. | GA47: np. | GB47: 0.0348 | GC47: 0.0414 | GD47: np. | GE47: 0.0393 | GF47: 0.0293 | GG47: np. | GH47: 0.0264 | GI47: np. | GJ47: 0.0299 | GK47: np. | GL47: 0.0239 | GM47: 0.0259 | GN47: np. | GO47: np. | GP47: 0.025 | GQ47: np. | GR47: 0.0293 | GS47: np. | GT47: 0.0367 | GU47: np. | GV47: 0.0311 | GW47: np. | GX47: np. | GY47: np. | GZ47: np. | HA47: np. | HB47: np. | HC47: 0.0464 | HD47: np. | HE47: np. | HF47: 0.0808 | HG47: 0.079 | HH47: np. | HI47: np. | HJ47: np. | HK47: 0.0976 | HL47: np. | HM47: np. | HN47: np. | HO47: np. | HP47: np. | HQ47: 0.0936 | HR47: np. | HS47: np. | HT47: np. | HU47: np. | HV47: np. | HW47: 0.0839 | HX47: 0.0769 | HY47: np. | HZ47: np. | IA47: np. | IB47: np. | IC47: 0.0862 | ID47: np. | IE47: np. | IF47: 0.0753 | IG47: np. | IH47: np. | II47: 0.0858 | IJ47: np. | IK47: np. | IL47: 0.0785 | IM47: np. | IN47: np. | IO47: np. | IP47: np. | IQ47: np. | IR47: 0.0703 | IS47: np. | IT47: np. | IU47: np. | IV47: np. | IW47: np. | IX47: np. | IY47: 0.0544 | IZ47: np. | JA47: np. | JB47: 0.0504 | JC47: np. | JD47: np. | JE47: np.
D48: stopa stała powyżej 1 roku | E48: 46 | F48: M_7;AC:1,BCS:2240,BI:A2A,BRS:S1,CT:PLN,DTM:R,F:M,IBC:N,MO:K,RA:PL | G48: 0.0756 | H48: 0.0709 | I48: 0.0705 | J48: 0.0758 | K48: 0.0698 | L48: 0.0654 | M48: 0.0701 | N48: 0.0623 | O48: 0.0691 | P48: 0.0639 | Q48: 0.0645 | R48: 0.066 | S48: 0.0531 | T48: 0.0425 | U48: 0.0689 | V48: 0.0553 | W48: - | X48: 0.0518 | Y48: 0.0603 | Z48: 0.0648 | AA48: - | AB48: 0.0538 | AC48: 0.0585 | AD48: 0.0434 | AE48: 0.0643 | AF48: 0.0533 | AG48: - | AH48: 0.0667 | AI48: 0.0642 | AJ48: - | AK48: 0.0594 | AL48: 0.0566 | AM48: 0.0659 | AN48: 0.0599 | AO48: - | AP48: 0.0594 | AQ48: 0.072 | AR48: 0.0766 | AS48: - | AT48: 0.0984 | AU48: - | AV48: 0.069 | AW48: 0.0789 | AX48: - | AY48: 0.0741 | AZ48: 0.0796 | BA48: 0.0844 | BB48: - | BC48: - | BD48: - | BE48: 0.0606 | BF48: 0.083 | BG48: 0.0616 | BH48: 0.0674 | BI48: 0.0853 | BJ48: 0.0693 | BK48: 0.0544 | BL48: 0.0629 | BM48: 0.0686 | BN48: 0.0678 | BO48: 0.0729 | BP48: 0.0718 | BQ48: 0.071 | BR48: 0.0716 | BS48: 0.0693 | BT48: 0.0734 | BU48: 0.0665 | BV48: 0.0514 | BW48: 0.0504 | BX48: 0.0556 | BY48: 0.0612 | BZ48: 0.0595 | CA48: np. | CB48: np. | CC48: np. | CD48: np. | CE48: np. | CF48: np. | CG48: np. | CH48: np. | CI48: np. | CJ48: np. | CK48: np. | CL48: np. | CM48: np. | CN48: np. | CO48: np. | CP48: np. | CQ48: np. | CR48: np. | CS48: np. | CT48: np. | CU48: np. | CV48: np. | CW48: np. | CX48: np. | CY48: np. | CZ48: np. | DA48: np. | DB48: np. | DC48: np. | DD48: np. | DE48: np. | DF48: np. | DG48: 0.0502 | DH48: np. | DI48: np. | DJ48: np. | DK48: np. | DL48: np. | DM48: 0.0525 | DN48: np. | DO48: 0.0412 | DP48: np. | DQ48: np. | DR48: np. | DS48: np. | DT48: np. | DU48: np. | DV48: np. | DW48: np. | DX48: np. | DY48: np. | DZ48: np. | EA48: np. | EB48: np. | EC48: np. | ED48: np. | EE48: 0.041 | EF48: np. | EG48: np. | EH48: np. | EI48: np. | EJ48: np. | EK48: np. | EL48: np. | EM48: np. | EN48: np. | EO48: np. | EP48: np. | EQ48: np. | ER48: np. | ES48: np. | ET48: np. | EU48: np. | EV48: 0.0431 | EW48: np. | EX48: np. | EY48: np. | EZ48: np. | FA48: 0.0329 | FB48: np. | FC48: np. | FD48: np. | FE48: np. | FF48: np. | FG48: np. | FH48: np. | FI48: np. | FJ48: np. | FK48: np. | FL48: np. | FM48: np. | FN48: np. | FO48: np. | FP48: np. | FQ48: np. | FR48: np. | FS48: np. | FT48: np. | FU48: np. | FV48: np. | FW48: np. | FX48: np. | FY48: np. | FZ48: np. | GA48: np. | GB48: np. | GC48: np. | GD48: np. | GE48: np. | GF48: np. | GG48: np. | GH48: np. | GI48: np. | GJ48: np. | GK48: np. | GL48: 0.0241 | GM48: np. | GN48: np. | GO48: np. | GP48: np. | GQ48: np. | GR48: - | GS48: np. | GT48: np. | GU48: np. | GV48: np. | GW48: np. | GX48: 0.0258 | GY48: np. | GZ48: np. | HA48: np. | HB48: np. | HC48: np. | HD48: np. | HE48: np. | HF48: np. | HG48: np. | HH48: np. | HI48: - | HJ48: np. | HK48: - | HL48: np. | HM48: np. | HN48: np. | HO48: np. | HP48: np. | HQ48: np. | HR48: np. | HS48: np. | HT48: np. | HU48: np. | HV48: np. | HW48: np. | HX48: 0.0777 | HY48: np. | HZ48: 0.067 | IA48: np. | IB48: np. | IC48: np. | ID48: np. | IE48: 0.073 | IF48: 0.0741 | IG48: np. | IH48: np. | II48: np. | IJ48: - | IK48: - | IL48: - | IM48: np. | IN48: np. | IO48: 0.0632 | IP48: 0.0532 | IQ48: np. | IR48: np. | IS48: - | IT48: np. | IU48: np. | IV48: np. | IW48: np. | IX48: 0.0504 | IY48: np. | IZ48: np. | JA48: np. | JB48: np. | JC48: 0.0564 | JD48: np. | JE48: np.
D49: ogółem | E49: 47 | F49: M_7;AC:1,BCS:2240,BI:A2A,BRS:S1,CT:PLN,DTM:R,F:M,IBC:N,MO:A,RA:PL | G49: 0.0807 | H49: 0.077 | I49: 0.0747 | J49: 0.0679 | K49: 0.068 | L49: 0.0649 | M49: 0.0611 | N49: 0.0622 | O49: 0.0632 | P49: 0.0698 | Q49: 0.0591 | R49: 0.0625 | S49: 0.0579 | T49: 0.0527 | U49: 0.0558 | V49: 0.0567 | W49: 0.0546 | X49: 0.0546 | Y49: 0.0543 | Z49: 0.0558 | AA49: 0.0558 | AB49: 0.0552 | AC49: 0.0567 | AD49: 0.0539 | AE49: 0.0565 | AF49: 0.057 | AG49: 0.0556 | AH49: 0.0582 | AI49: 0.0579 | AJ49: 0.0588 | AK49: 0.0627 | AL49: 0.061 | AM49: 0.0652 | AN49: 0.0626 | AO49: 0.0656 | AP49: 0.0719 | AQ49: 0.0685 | AR49: 0.0714 | AS49: 0.0725 | AT49: 0.0776 | AU49: 0.0765 | AV49: 0.083 | AW49: 0.0806 | AX49: 0.0811 | AY49: 0.0831 | AZ49: 0.0824 | BA49: 0.0842 | BB49: 0.0826 | BC49: 0.0773 | BD49: 0.0702 | BE49: 0.0629 | BF49: 0.0623 | BG49: 0.0659 | BH49: 0.0683 | BI49: 0.0658 | BJ49: 0.0643 | BK49: 0.0651 | BL49: 0.0628 | BM49: 0.063 | BN49: 0.0653 | BO49: 0.0663 | BP49: 0.0664 | BQ49: 0.0673 | BR49: 0.0656 | BS49: 0.0643 | BT49: 0.0611 | BU49: 0.0612 | BV49: 0.0626 | BW49: 0.0569 | BX49: 0.0597 | BY49: 0.0572 | BZ49: 0.0584 | CA49: 0.0654 | CB49: 0.0662 | CC49: 0.0607 | CD49: 0.0655 | CE49: 0.063 | CF49: 0.0661 | CG49: 0.0658 | CH49: 0.0677 | CI49: 0.0663 | CJ49: 0.0653 | CK49: 0.0788 | CL49: 0.0657 | CM49: 0.0676 | CN49: 0.064 | CO49: 0.0615 | CP49: 0.0667 | CQ49: 0.0686 | CR49: 0.0675 | CS49: 0.0682 | CT49: 0.0647 | CU49: 0.067 | CV49: 0.0679 | CW49: 0.0671 | CX49: 0.0613 | CY49: 0.0635 | CZ49: 0.0561 | DA49: 0.0545 | DB49: 0.0506 | DC49: 0.049 | DD49: 0.0523 | DE49: 0.0479 | DF49: 0.0456 | DG49: 0.0441 | DH49: 0.0451 | DI49: 0.0425 | DJ49: 0.0446 | DK49: 0.0412 | DL49: 0.0489 | DM49: 0.0418 | DN49: 0.0454 | DO49: 0.0433 | DP49: 0.0401 | DQ49: 0.0445 | DR49: 0.0426 | DS49: 0.0396 | DT49: 0.0423 | DU49: 0.0374 | DV49: 0.0338 | DW49: 0.0355 | DX49: 0.0359 | DY49: 0.0309 | DZ49: 0.037 | EA49: 0.036 | EB49: 0.0366 | EC49: 0.0343 | ED49: 0.0358 | EE49: 0.0358 | EF49: 0.0376 | EG49: 0.0361 | EH49: 0.0375 | EI49: 0.0344 | EJ49: 0.0356 | EK49: 0.0339 | EL49: 0.0376 | EM49: 0.0365 | EN49: 0.0391 | EO49: 0.0382 | EP49: 0.0368 | EQ49: 0.0359 | ER49: 0.0382 | ES49: 0.0356 | ET49: 0.0368 | EU49: 0.0396 | EV49: 0.0413 | EW49: 0.0396 | EX49: 0.0412 | EY49: 0.0377 | EZ49: 0.0389 | FA49: 0.0367 | FB49: 0.0391 | FC49: 0.0417 | FD49: 0.0397 | FE49: 0.0399 | FF49: 0.0383 | FG49: 0.0383 | FH49: 0.0394 | FI49: 0.0362 | FJ49: 0.04 | FK49: 0.0373 | FL49: 0.0385 | FM49: 0.04 | FN49: 0.039 | FO49: 0.0358 | FP49: 0.0394 | FQ49: 0.0389 | FR49: 0.0361 | FS49: 0.0419 | FT49: 0.04 | FU49: 0.0413 | FV49: 0.04 | FW49: 0.0396 | FX49: 0.0348 | FY49: 0.0425 | FZ49: 0.0409 | GA49: 0.04 | GB49: 0.0356 | GC49: 0.0387 | GD49: 0.04 | GE49: 0.038 | GF49: 0.0371 | GG49: 0.0395 | GH49: 0.0287 | GI49: 0.033 | GJ49: 0.0278 | GK49: 0.0272 | GL49: 0.0261 | GM49: 0.0316 | GN49: 0.0256 | GO49: 0.024 | GP49: 0.0306 | GQ49: 0.0235 | GR49: 0.0249 | GS49: 0.0231 | GT49: 0.0235 | GU49: 0.0262 | GV49: 0.0268 | GW49: 0.0246 | GX49: 0.0236 | GY49: 0.0245 | GZ49: 0.0248 | HA49: 0.0323 | HB49: 0.0392 | HC49: 0.0436 | HD49: 0.048 | HE49: 0.0605 | HF49: 0.0662 | HG49: 0.0774 | HH49: 0.0859 | HI49: 0.0899 | HJ49: 0.0894 | HK49: 0.0947 | HL49: 0.0911 | HM49: 0.093 | HN49: 0.0896 | HO49: 0.0964 | HP49: 0.0887 | HQ49: 0.0934 | HR49: 0.0917 | HS49: 0.0967 | HT49: 0.0926 | HU49: 0.0909 | HV49: 0.0892 | HW49: 0.0832 | HX49: 0.079 | HY49: 0.0797 | HZ49: 0.0802 | IA49: 0.0827 | IB49: 0.0807 | IC49: 0.0796 | ID49: 0.0799 | IE49: 0.0795 | IF49: 0.0789 | IG49: 0.0772 | IH49: 0.0766 | II49: 0.0764 | IJ49: 0.0777 | IK49: 0.078 | IL49: 0.0782 | IM49: 0.079 | IN49: 0.0783 | IO49: 0.0788 | IP49: 0.0734 | IQ49: 0.0747 | IR49: 0.0724 | IS49: 0.0703 | IT49: 0.0721 | IU49: 0.0673 | IV49: 0.0669 | IW49: 0.0613 | IX49: 0.0589 | IY49: 0.0567 | IZ49: 0.0554 | JA49: 0.0556 | JB49: 0.057 | JC49: 0.054 | JD49: 0.0556 | JE49: 0.0574
D50: stopa zmienna i stała do 1 roku o terminie pierwotnym powyżej 1 roku | E50: 48 | F50: M_7;AC:1,BCS:2240,BI:A2A,BRS:S1,CT:PLN,DTM:R,F:M,IBC:N,MO:Y,RA:PL | G50: b.d. | H50: b.d. | I50: b.d. | J50: b.d. | K50: b.d. | L50: b.d. | M50: b.d. | N50: b.d. | O50: b.d. | P50: b.d. | Q50: b.d. | R50: b.d. | S50: b.d. | T50: b.d. | U50: b.d. | V50: b.d. | W50: b.d. | X50: b.d. | Y50: b.d. | Z50: b.d. | AA50: b.d. | AB50: b.d. | AC50: b.d. | AD50: b.d. | AE50: b.d. | AF50: b.d. | AG50: b.d. | AH50: b.d. | AI50: b.d. | AJ50: b.d. | AK50: b.d. | AL50: b.d. | AM50: b.d. | AN50: b.d. | AO50: b.d. | AP50: b.d. | AQ50: b.d. | AR50: b.d. | AS50: b.d. | AT50: b.d. | AU50: b.d. | AV50: b.d. | AW50: b.d. | AX50: b.d. | AY50: b.d. | AZ50: b.d. | BA50: b.d. | BB50: b.d. | BC50: b.d. | BD50: b.d. | BE50: b.d. | BF50: b.d. | BG50: b.d. | BH50: b.d. | BI50: b.d. | BJ50: b.d. | BK50: b.d. | BL50: b.d. | BM50: b.d. | BN50: b.d. | BO50: b.d. | BP50: b.d. | BQ50: b.d. | BR50: b.d. | BS50: b.d. | BT50: 0.0666 | BU50: 0.0683 | BV50: 0.0721 | BW50: 0.0655 | BX50: 0.0671 | BY50: 0.0641 | BZ50: 0.065 | CA50: 0.0708 | CB50: 0.0736 | CC50: 0.0651 | CD50: 0.0695 | CE50: 0.0673 | CF50: 0.0712 | CG50: 0.0716 | CH50: 0.0743 | CI50: 0.0708 | CJ50: 0.0709 | CK50: 0.0858 | CL50: 0.0692 | CM50: 0.0769 | CN50: 0.0705 | CO50: 0.0662 | CP50: 0.0711 | CQ50: 0.0722 | CR50: 0.073 | CS50: 0.0728 | CT50: 0.0727 | CU50: 0.0723 | CV50: 0.0704 | CW50: 0.0693 | CX50: 0.0666 | CY50: 0.0679 | CZ50: 0.0613 | DA50: 0.0593 | DB50: 0.0523 | DC50: 0.0524 | DD50: 0.0545 | DE50: 0.0497 | DF50: 0.0458 | DG50: 0.0453 | DH50: 0.0474 | DI50: 0.0455 | DJ50: 0.0471 | DK50: 0.046 | DL50: 0.0528 | DM50: 0.0446 | DN50: 0.0476 | DO50: 0.0443 | DP50: 0.0439 | DQ50: 0.0467 | DR50: 0.045 | DS50: 0.0409 | DT50: 0.0427 | DU50: 0.0403 | DV50: 0.0352 | DW50: 0.0362 | DX50: 0.0371 | DY50: 0.0345 | DZ50: 0.0381 | EA50: 0.0388 | EB50: 0.0377 | EC50: 0.0355 | ED50: 0.0382 | EE50: 0.0363 | EF50: 0.038 | EG50: 0.0363 | EH50: 0.0373 | EI50: 0.0341 | EJ50: 0.0346 | EK50: 0.0351 | EL50: 0.0369 | EM50: 0.038 | EN50: 0.04 | EO50: 0.0412 | EP50: 0.0383 | EQ50: 0.0349 | ER50: 0.0403 | ES50: 0.0387 | ET50: 0.0389 | EU50: 0.0419 | EV50: 0.043 | EW50: 0.0406 | EX50: 0.0431 | EY50: 0.0375 | EZ50: 0.0398 | FA50: 0.0382 | FB50: 0.0399 | FC50: 0.0422 | FD50: 0.0418 | FE50: 0.0405 | FF50: 0.0386 | FG50: 0.0412 | FH50: 0.0407 | FI50: 0.0347 | FJ50: 0.0402 | FK50: 0.0379 | FL50: 0.0399 | FM50: 0.042 | FN50: 0.0405 | FO50: 0.0375 | FP50: 0.0404 | FQ50: 0.0401 | FR50: 0.0363 | FS50: 0.043 | FT50: 0.0425 | FU50: 0.0439 | FV50: 0.0408 | FW50: 0.0394 | FX50: 0.0349 | FY50: 0.0431 | FZ50: 0.0414 | GA50: 0.0409 | GB50: 0.039 | GC50: 0.0403 | GD50: 0.04 | GE50: 0.0388 | GF50: 0.0406 | GG50: 0.0416 | GH50: 0.0309 | GI50: 0.0404 | GJ50: 0.0307 | GK50: 0.0279 | GL50: 0.0298 | GM50: 0.0319 | GN50: 0.0301 | GO50: 0.0248 | GP50: 0.0346 | GQ50: 0.0269 | GR50: 0.028 | GS50: 0.0243 | GT50: 0.0263 | GU50: 0.0273 | GV50: 0.028 | GW50: 0.0266 | GX50: 0.0254 | GY50: 0.0249 | GZ50: 0.0266 | HA50: 0.0323 | HB50: 0.0404 | HC50: 0.0452 | HD50: 0.049 | HE50: 0.0624 | HF50: 0.0681 | HG50: 0.0795 | HH50: 0.0876 | HI50: 0.0913 | HJ50: 0.0919 | HK50: 0.0964 | HL50: 0.0932 | HM50: 0.094 | HN50: 0.0909 | HO50: 0.0976 | HP50: 0.0896 | HQ50: 0.099 | HR50: 0.0955 | HS50: 0.0968 | HT50: 0.0942 | HU50: 0.093 | HV50: 0.0905 | HW50: 0.0837 | HX50: 0.0799 | HY50: 0.0817 | HZ50: 0.0823 | IA50: 0.0851 | IB50: 0.0832 | IC50: 0.081 | ID50: 0.0823 | IE50: 0.0814 | IF50: 0.0791 | IG50: 0.0807 | IH50: 0.0795 | II50: 0.0815 | IJ50: 0.0803 | IK50: 0.0798 | IL50: 0.0796 | IM50: 0.0799 | IN50: 0.079 | IO50: 0.0801 | IP50: 0.0769 | IQ50: 0.0757 | IR50: 0.0737 | IS50: 0.071 | IT50: 0.0734 | IU50: 0.0687 | IV50: 0.069 | IW50: 0.0627 | IX50: 0.0602 | IY50: 0.0578 | IZ50: 0.0565 | JA50: 0.0568 | JB50: 0.0579 | JC50: 0.0545 | JD50: 0.0565 | JE50: 0.0593
C51: ogółem | E51: 49 | F51: M_7;AC:A,BCS:2240,BI:A2A,BRS:S1,CT:PLN,DTM:R,F:M,IBC:N,MO:A,RA:PL | G51: 0.0834 | H51: 0.0808 | I51: 0.0774 | J51: 0.0734 | K51: 0.0712 | L51: 0.0683 | M51: 0.0643 | N51: 0.0646 | O51: 0.0642 | P51: 0.0696 | Q51: 0.0627 | R51: 0.064 | S51: 0.0607 | T51: 0.0563 | U51: 0.0589 | V51: 0.0586 | W51: 0.0567 | X51: 0.057 | Y51: 0.0567 | Z51: 0.0576 | AA51: 0.0579 | AB51: 0.0575 | AC51: 0.0577 | AD51: 0.0558 | AE51: 0.058 | AF51: 0.0581 | AG51: 0.057 | AH51: 0.0591 | AI51: 0.0594 | AJ51: 0.0601 | AK51: 0.0633 | AL51: 0.0623 | AM51: 0.0658 | AN51: 0.0637 | AO51: 0.0667 | AP51: 0.0719 | AQ51: 0.0694 | AR51: 0.0725 | AS51: 0.0733 | AT51: 0.0781 | AU51: 0.0774 | AV51: 0.0827 | AW51: 0.081 | AX51: 0.0815 | AY51: 0.0833 | AZ51: 0.0837 | BA51: 0.0842 | BB51: 0.0833 | BC51: 0.0778 | BD51: 0.0705 | BE51: 0.0644 | BF51: 0.0636 | BG51: 0.0662 | BH51: 0.0695 | BI51: 0.066 | BJ51: 0.0643 | BK51: 0.065 | BL51: 0.0635 | BM51: 0.0634 | BN51: 0.0653 | BO51: 0.0663 | BP51: 0.0656 | BQ51: 0.0671 | BR51: 0.0661 | BS51: 0.0643 | BT51: 0.062 | BU51: 0.0623 | BV51: 0.0632 | BW51: 0.0585 | BX51: 0.0606 | BY51: 0.0587 | BZ51: 0.059 | CA51: 0.0647 | CB51: 0.0655 | CC51: 0.0611 | CD51: 0.0646 | CE51: 0.0637 | CF51: 0.0661 | CG51: 0.0661 | CH51: 0.0674 | CI51: 0.0663 | CJ51: 0.0656 | CK51: 0.0753 | CL51: 0.066 | CM51: 0.0675 | CN51: 0.0652 | CO51: 0.0636 | CP51: 0.0668 | CQ51: 0.069 | CR51: 0.0678 | CS51: 0.0685 | CT51: 0.0671 | CU51: 0.0676 | CV51: 0.0684 | CW51: 0.067 | CX51: 0.0619 | CY51: 0.0617 | CZ51: 0.0567 | DA51: 0.0542 | DB51: 0.0514 | DC51: 0.0496 | DD51: 0.0508 | DE51: 0.0468 | DF51: 0.0451 | DG51: 0.0444 | DH51: 0.0446 | DI51: 0.0426 | DJ51: 0.0443 | DK51: 0.0421 | DL51: 0.0465 | DM51: 0.043 | DN51: 0.0451 | DO51: 0.0439 | DP51: 0.0418 | DQ51: 0.0443 | DR51: 0.0435 | DS51: 0.0405 | DT51: 0.0417 | DU51: 0.037 | DV51: 0.0354 | DW51: 0.0368 | DX51: 0.0366 | DY51: 0.0327 | DZ51: 0.0355 | EA51: 0.0345 | EB51: 0.0357 | EC51: 0.0347 | ED51: 0.0347 | EE51: 0.0354 | EF51: 0.0362 | EG51: 0.0353 | EH51: 0.0356 | EI51: 0.0334 | EJ51: 0.0337 | EK51: 0.0328 | EL51: 0.035 | EM51: 0.0341 | EN51: 0.0361 | EO51: 0.0368 | EP51: 0.0355 | EQ51: 0.0354 | ER51: 0.0372 | ES51: 0.035 | ET51: 0.0357 | EU51: 0.0364 | EV51: 0.0372 | EW51: 0.0373 | EX51: 0.038 | EY51: 0.0356 | EZ51: 0.0375 | FA51: 0.0363 | FB51: 0.0368 | FC51: 0.0383 | FD51: 0.0372 | FE51: 0.0368 | FF51: 0.0366 | FG51: 0.0357 | FH51: 0.0364 | FI51: 0.0344 | FJ51: 0.0366 | FK51: 0.0351 | FL51: 0.0344 | FM51: 0.0363 | FN51: 0.0361 | FO51: 0.0345 | FP51: 0.0356 | FQ51: 0.0357 | FR51: 0.0348 | FS51: 0.0362 | FT51: 0.036 | FU51: 0.0369 | FV51: 0.0358 | FW51: 0.0365 | FX51: 0.0342 | FY51: 0.0385 | FZ51: 0.037 | GA51: 0.0363 | GB51: 0.0347 | GC51: 0.036 | GD51: 0.0364 | GE51: 0.0364 | GF51: 0.0349 | GG51: 0.0354 | GH51: 0.0271 | GI51: 0.0269 | GJ51: 0.0241 | GK51: 0.0231 | GL51: 0.0214 | GM51: 0.0243 | GN51: 0.022 | GO51: 0.021 | GP51: 0.024 | GQ51: 0.0198 | GR51: 0.0209 | GS51: 0.021 | GT51: 0.0206 | GU51: 0.0225 | GV51: 0.0233 | GW51: 0.022 | GX51: 0.0213 | GY51: 0.0218 | GZ51: 0.0238 | HA51: 0.0307 | HB51: 0.0383 | HC51: 0.0426 | HD51: 0.0474 | HE51: 0.0583 | HF51: 0.0656 | HG51: 0.0758 | HH51: 0.0835 | HI51: 0.0875 | HJ51: 0.087 | HK51: 0.0898 | HL51: 0.0888 | HM51: 0.0894 | HN51: 0.0874 | HO51: 0.0917 | HP51: 0.0859 | HQ51: 0.0875 | HR51: 0.0868 | HS51: 0.0924 | HT51: 0.0892 | HU51: 0.0881 | HV51: 0.0864 | HW51: 0.081 | HX51: 0.0763 | HY51: 0.0763 | HZ51: 0.0779 | IA51: 0.079 | IB51: 0.0768 | IC51: 0.0767 | ID51: 0.0767 | IE51: 0.0767 | IF51: 0.0766 | IG51: 0.0763 | IH51: 0.0756 | II51: 0.0755 | IJ51: 0.0761 | IK51: 0.0759 | IL51: 0.0768 | IM51: 0.0759 | IN51: 0.076 | IO51: 0.0766 | IP51: 0.0728 | IQ51: 0.0732 | IR51: 0.0711 | IS51: 0.0694 | IT51: 0.0704 | IU51: 0.0662 | IV51: 0.065 | IW51: 0.0605 | IX51: 0.0584 | IY51: 0.0561 | IZ51: 0.0553 | JA51: 0.0568 | JB51: 0.0572 | JC51: 0.0552 | JD51: 0.0565 | JE51: 0.0573
B52: ogółem | E52: 50 | F52: M_7;AC:A,BCS:2230,BI:A2A,BRS:S1,CT:PLN,DTM:R,F:M,IBC:N,MO:A,RA:PL | G52: 0.0914 | H52: 0.0894 | I52: 0.0871 | J52: 0.0853 | K52: 0.0804 | L52: 0.0787 | M52: 0.0753 | N52: 0.0725 | O52: 0.0711 | P52: 0.0765 | Q52: 0.0743 | R52: 0.0732 | S52: 0.0728 | T52: 0.0692 | U52: 0.072 | V52: 0.0752 | W52: 0.0731 | X52: 0.0702 | Y52: 0.0678 | Z52: 0.0714 | AA52: 0.0714 | AB52: 0.0721 | AC52: 0.071 | AD52: 0.0633 | AE52: 0.0743 | AF52: 0.0773 | AG52: 0.0752 | AH52: 0.0731 | AI52: 0.0785 | AJ52: 0.0746 | AK52: 0.0788 | AL52: 0.0815 | AM52: 0.0832 | AN52: 0.0821 | AO52: 0.0846 | AP52: 0.0862 | AQ52: 0.0882 | AR52: 0.0908 | AS52: 0.092 | AT52: 0.1001 | AU52: 0.1012 | AV52: 0.1038 | AW52: 0.1021 | AX52: 0.1031 | AY52: 0.1053 | AZ52: 0.1011 | BA52: 0.1092 | BB52: 0.1037 | BC52: 0.1034 | BD52: 0.0978 | BE52: 0.0945 | BF52: 0.099 | BG52: 0.0962 | BH52: 0.0966 | BI52: 0.0924 | BJ52: 0.0935 | BK52: 0.0955 | BL52: 0.08 | BM52: 0.0887 | BN52: 0.0855 | BO52: 0.0884 | BP52: 0.0895 | BQ52: 0.0913 | BR52: 0.0888 | BS52: 0.088 | BT52: 0.0844 | BU52: 0.0847 | BV52: 0.0822 | BW52: 0.0761 | BX52: 0.0801 | BY52: 0.0806 | BZ52: 0.0753 | CA52: 0.0841 | CB52: 0.0858 | CC52: 0.0819 | CD52: 0.0834 | CE52: 0.0853 | CF52: 0.082 | CG52: 0.0875 | CH52: 0.0859 | CI52: 0.0852 | CJ52: 0.0848 | CK52: 0.0879 | CL52: 0.0803 | CM52: 0.0851 | CN52: 0.0859 | CO52: 0.0844 | CP52: 0.0877 | CQ52: 0.0889 | CR52: 0.0878 | CS52: 0.0882 | CT52: 0.0911 | CU52: 0.0883 | CV52: 0.0912 | CW52: 0.0887 | CX52: 0.0778 | CY52: 0.0799 | CZ52: 0.0814 | DA52: 0.0809 | DB52: 0.0761 | DC52: 0.0815 | DD52: 0.0689 | DE52: 0.0734 | DF52: 0.0721 | DG52: 0.0703 | DH52: 0.0726 | DI52: 0.0712 | DJ52: 0.0625 | DK52: 0.068 | DL52: 0.0717 | DM52: 0.0684 | DN52: 0.0704 | DO52: 0.0673 | DP52: 0.0679 | DQ52: 0.0693 | DR52: 0.0676 | DS52: 0.0626 | DT52: 0.0618 | DU52: 0.0575 | DV52: 0.0533 | DW52: 0.0572 | DX52: 0.058 | DY52: 0.051 | DZ52: 0.053 | EA52: 0.052 | EB52: 0.0518 | EC52: 0.0512 | ED52: 0.0517 | EE52: 0.0477 | EF52: 0.0514 | EG52: 0.0503 | EH52: 0.0479 | EI52: 0.0474 | EJ52: 0.0508 | EK52: 0.049 | EL52: 0.0515 | EM52: 0.0516 | EN52: 0.0506 | EO52: 0.05 | EP52: 0.0499 | EQ52: 0.0493 | ER52: 0.0513 | ES52: 0.0489 | ET52: 0.0485 | EU52: 0.0506 | EV52: 0.0522 | EW52: 0.0501 | EX52: 0.0503 | EY52: 0.0517 | EZ52: 0.0481 | FA52: 0.0502 | FB52: 0.0506 | FC52: 0.0517 | FD52: 0.0506 | FE52: 0.0505 | FF52: 0.0464 | FG52: 0.0503 | FH52: 0.0514 | FI52: 0.0503 | FJ52: 0.0509 | FK52: 0.0509 | FL52: 0.0509 | FM52: 0.052 | FN52: 0.0512 | FO52: 0.0501 | FP52: 0.0518 | FQ52: 0.0503 | FR52: 0.0475 | FS52: 0.0517 | FT52: 0.0526 | FU52: 0.0527 | FV52: 0.052 | FW52: 0.0533 | FX52: 0.0496 | FY52: 0.0527 | FZ52: 0.052 | GA52: 0.052 | GB52: 0.0496 | GC52: 0.0508 | GD52: 0.0487 | GE52: 0.0507 | GF52: 0.0528 | GG52: 0.0478 | GH52: 0.0383 | GI52: 0.0393 | GJ52: 0.0354 | GK52: 0.0366 | GL52: 0.0363 | GM52: 0.037 | GN52: 0.0352 | GO52: 0.0335 | GP52: 0.0339 | GQ52: 0.035 | GR52: 0.035 | GS52: 0.0339 | GT52: 0.0351 | GU52: 0.0357 | GV52: 0.0356 | GW52: 0.0358 | GX52: 0.0355 | GY52: 0.0343 | GZ52: 0.0353 | HA52: 0.0417 | HB52: 0.0473 | HC52: 0.0553 | HD52: 0.0594 | HE52: 0.0665 | HF52: 0.0732 | HG52: 0.083 | HH52: 0.0903 | HI52: 0.0953 | HJ52: 0.0961 | HK52: 0.0992 | HL52: 0.0989 | HM52: 0.0984 | HN52: 0.097 | HO52: 0.0997 | HP52: 0.0983 | HQ52: 0.0987 | HR52: 0.0991 | HS52: 0.1001 | HT52: 0.0996 | HU52: 0.099 | HV52: 0.0971 | HW52: 0.0924 | HX52: 0.0899 | HY52: 0.0879 | HZ52: 0.0868 | IA52: 0.0884 | IB52: 0.0882 | IC52: 0.0877 | ID52: 0.0912 | IE52: 0.0936 | IF52: 0.0918 | IG52: 0.0948 | IH52: 0.0934 | II52: 0.0931 | IJ52: 0.0915 | IK52: 0.0903 | IL52: 0.0879 | IM52: 0.0932 | IN52: 0.0935 | IO52: 0.0928 | IP52: 0.0897 | IQ52: 0.0889 | IR52: 0.0872 | IS52: 0.0861 | IT52: 0.0847 | IU52: 0.0812 | IV52: 0.0816 | IW52: 0.0762 | IX52: 0.0732 | IY52: 0.0753 | IZ52: 0.0733 | JA52: 0.0725 | JB52: 0.0746 | JC52: 0.0739 | JD52: 0.0742 | JE52: 0.0721
A54: np. - kategoria niepublikowana ze względu na podleganie tajemnicy statystycznej
A55: b.d. - brak danych
A56: * W przypadku kredytów i innych należności termin oznacza okres przeszacowania stopy procentowej
A58: Kolorem niebieskim oznaczono dane skorygowane

Sheet 1 000
K1: limit oszczędnościowy | L1: limit pozostały
I2: 600 | J2: 400 | K2: 25000 | L2: 100000
I3: 1000 | Q3: Podatek majątkowy
B4: Poland, Equity Indices, Warsaw Stock Exchange, WIG Index, Close, PLN | C4: oprocentowanie depozytu | D4: stopa zwrotu r/r | E4: zysk z depozytu | F4: średni wynik portfela | I4: wynik (akcje) | J4: wynik (depozyty) | K4: suma | L4: zysk z potfela (bez podatku) | M4: OKI | N4: Belka | O4: OKI (final) | P4: Belka (final) | Q4: stopa referencyjna | R4: podatek (na podstawie października poprzedniego roku)
A5: 38353 | B5: 25992.99 | C5: 0.053 | Q5: 0.053
A6: 38384 | B6: 28294.49 | C6: 0.0518 | Q6: 0.0518
A7: 38412 | B7: 27268.07 | C7: 0.0511 | Q7: 0.0511
A8: 38443 | B8: 25813.59 | C8: 0.0477 | Q8: 0.0477
A9: 38473 | B9: 26744.36 | C9: 0.0447 | Q9: 0.0447
A10: 38504 | B10: 28332.05 | C10: 0.0433 | Q10: 0.0433
A11: 38534 | B11: 30448.31 | C11: 0.0399 | Q11: 0.0399
A12: 38565 | B12: 31364.29 | C12: 0.0388 | Q12: 0.0388
A13: 38596 | B13: 33801.17 | C13: 0.0373 | Q13: 0.0373
A14: 38626 | B14: 32024.41 | C14: 0.0362 | Q14: 0.0362
A15: 38657 | B15: 33926.06 | C15: 0.0366 | Q15: 0.0366
A16: 38687 | B16: 35600.79 | C16: 0.036 | Q16: 0.036
A17: 38718 | B17: 37854.95 | C17: 0.0364 | D17: =B17/B5-1 -> 0.45635227 | E17: =C5 -> 0.053 | Q17: 0.0364
A18: 38749 | B18: 38854.37 | C18: 0.0351 | D18: =B18/B6-1 -> 0.3732133 | E18: =C6 -> 0.0518 | Q18: 0.0351
A19: 38777 | B19: 40220.32 | C19: 0.0328 | D19: =B19/B7-1 -> 0.47499695 | E19: =C7 -> 0.0511 | Q19: 0.0328
A20: 38808 | B20: 43998.59 | C20: 0.0335 | D20: =B20/B8-1 -> 0.70447388 | E20: =C8 -> 0.0477 | Q20: 0.0335
A21: 38838 | B21: 39632.25 | C21: 0.0327 | D21: =B21/B9-1 -> 0.48189188 | E21: =C9 -> 0.0447 | Q21: 0.0327
A22: 38869 | B22: 40644.58 | C22: 0.0334 | D22: =B22/B10-1 -> 0.43457957 | E22: =C10 -> 0.0433 | Q22: 0.0334
A23: 38899 | B23: 45894.89 | C23: 0.0335 | D23: =B23/B11-1 -> 0.507305 | E23: =C11 -> 0.0399 | Q23: 0.0335
A24: 38930 | B24: 43363.32 | C24: 0.0332 | D24: =B24/B12-1 -> 0.3825698 | E24: =C12 -> 0.0388 | Q24: 0.0332
A25: 38961 | B25: 44052.54 | C25: 0.0331 | D25: =B25/B13-1 -> 0.30328447 | E25: =C13 -> 0.0373 | Q25: 0.0331
A26: 38991 | B26: 47358.12 | C26: 0.0338 | D26: =B26/B14-1 -> 0.47881319 | E26: =C14 -> 0.0362 | Q26: 0.0338
A27: 39022 | B27: 50230.32 | C27: 0.0335 | D27: =B27/B15-1 -> 0.48058218 | E27: =C15 -> 0.0366 | Q27: 0.0335
A28: 39052 | B28: 50411.82 | C28: 0.0331 | D28: =B28/B16-1 -> 0.41603094 | E28: =C16 -> 0.036 | F28: =0.6*D28+0.4*AVERAGE(E17:E28) -> 0.2668319 | I28: =$I$2*(1+D28) -> 849.61856 | J28: =$J$2*(1+E28) -> 414.4 | K28: =I28+J28 -> 1264.0186 | L28: =K28-$I$3 -> 264.01856 | M28: =((J28-MIN(J28,$K$2))+(I28-MIN(I28,MAX($L$2-MIN(J28,$K$2),0))))*R28 -> 0 | N28: =0.19*L28 -> 50.163527 | O28: =K28-M28 -> 1264.0186 | P28: =K28-N28 -> 1213.855 | Q28: 0.0331 | R28: =MAX(0.19*Q14,0.1%) -> 0.006878 | S28: =O28-P28 -> 50.163527
A29: 39083 | B29: 54558.15 | C29: 0.0337 | D29: =B29/B17-1 -> 0.44124216 | E29: =C17 -> 0.0364 | F29: =0.6*D29+0.4*AVERAGE(E18:E29) -> 0.2814053 | Q29: 0.0337
A30: 39114 | B30: 51900.39 | C30: 0.0339 | D30: =B30/B18-1 -> 0.33576712 | E30: =C18 -> 0.0351 | F30: =0.6*D30+0.4*AVERAGE(E19:E30) -> 0.21756361 | Q30: 0.0339
A31: 39142 | B31: 57524.57 | C31: 0.034 | D31: =B31/B19-1 -> 0.43023651 | E31: =C19 -> 0.0328 | F31: =0.6*D31+0.4*AVERAGE(E20:E31) -> 0.27363524 | Q31: 0.034
A32: 39173 | B32: 59805.48 | C32: 0.0338 | D32: =B32/B20-1 -> 0.35925901 | E32: =C20 -> 0.0335 | F32: =0.6*D32+0.4*AVERAGE(E21:E32) -> 0.23057541 | Q32: 0.0338
A33: 39203 | B33: 63566.15 | C33: 0.0351 | D33: =B33/B21-1 -> 0.6038996 | E33: =C21 -> 0.0327 | F33: =0.6*D33+0.4*AVERAGE(E22:E33) -> 0.37695976 | Q33: 0.0351
A34: 39234 | B34: 66077.69 | C34: 0.0358 | D34: =B34/B22-1 -> 0.6257442 | E34: =C22 -> 0.0334 | F34: =0.6*D34+0.4*AVERAGE(E23:E34) -> 0.38973652 | Q34: 0.0358
A35: 39264 | B35: 63670.52 | C35: 0.0378 | D35: =B35/B23-1 -> 0.38731175 | E35: =C23 -> 0.0335 | F35: =0.6*D35+0.4*AVERAGE(E24:E35) -> 0.24646371 | Q35: 0.0378
A36: 39295 | B36: 60649.86 | C36: 0.0382 | D36: =B36/B24-1 -> 0.39864429 | E36: =C24 -> 0.0332 | F36: =0.6*D36+0.4*AVERAGE(E25:E36) -> 0.25307658 | Q36: 0.0382
A37: 39326 | B37: 60368.92 | C37: 0.0395 | D37: =B37/B25-1 -> 0.37038455 | E37: =C25 -> 0.0331 | F37: =0.6*D37+0.4*AVERAGE(E26:E37) -> 0.23598073 | Q37: 0.0395
